–ù–∞–∑–≤–∞–Ω–∏–µ,–ö–æ–ª–∏—á–µ—Å—Ç–≤–æ –ø–æ–¥–ø–∏—Å—á–∏–∫–æ–≤,–ß–∞—Å—Ç–æ—Ç–∞ –ø–æ—Å—Ç–æ–≤ –≤ –¥–µ–Ω—å,–û–ø–∏—Å–∞–Ω–∏–µ,–£–ø–æ–º—è–Ω—É—Ç—ã–µ –≥–æ—Ä–æ–¥–∞
–ü–ö –ò—â—É –∫—Ä—ã—à—É,10316,100.0,,
–ü–ö –∏—â—É –∫—Ä—ã—à—É,2898,14.285714285714286,,
–ê—Ä–µ–Ω–¥–∞ –∫–≤–∞—Ä—Ç–∏—Ä–∞ –ê–ª–º–∞—Ç—ã,25193,33.333333333333336,,–ê–ª–º–∞—Ç—ã
SDU [housing],3460,50.0,,
–ê—Ä–µ–Ω–¥–∞ –ñ–∏–ª—å—è.–ü–æ–¥—Å–µ–ª–µ–Ω–∏–µ –ê–ª–º–∞—Ç—ã,5366,50.0,,–ê–ª–º–∞—Ç—ã
–ö–≤–∞—Ä—Ç–∏—Ä—ã –ê–ª–º–∞—Ç—ã | –ê—Ä–µ–Ω–¥–∞ –∫–≤–∞—Ä—Ç–∏—Ä –ê–ª–º–∞—Ç—ã | –ü–æ–∏—Å–∫ —Å–æ—Å–µ–¥–µ–π –ê–ª–º–∞—Ç—ã,22769,25.0,,–ê–ª–º–∞—Ç—ã
AIU Housingüè†,481,4.545454545454546,,
–ê—Ä–µ–Ω–¥–∞ –∫–≤–∞—Ä—Ç–∏—Ä–∞ –ê–ª–º–∞—Ç—ã,12777,8.333333333333334,,–ê–ª–º–∞—Ç—ã
Narxoz [housing search],761,7.6923076923076925,,
KBTU [housing search],475,3.125,,
–ê—Ä–µ–Ω–¥–∞ –∫–≤–∞—Ä—Ç–∏—Ä –ê–ª–º–∞—Ç—ã,246,0.29069767441860467,,–ê–ª–º–∞—Ç—ã
–°–æ–≤–º–µ—Å—Ç–Ω–∞—è –∞—Ä–µ–Ω–¥–∞ –ê–ª–º–∞—Ç—ã,911,1.9230769230769231,,–ê–ª–º–∞—Ç—ã
–ö–≤–∞—Ä—Ç–∏—Ä–∞ –®—ã–º–∫–µ–Ω—Ç/ –ê—Ä–µ–Ω–¥–∞ /–≠—Ç–∞–∂–∏/ –ù–µ–¥–≤–∏–∂–∏–º–æ—Å—Ç—å,799,0.2994011976047904,,–®—ã–º–∫–µ–Ω—Ç
