"–ò–º—è –≥—Ä—É–ø–ø—ã","user_id","–°–æ–æ–±—â–µ–Ω–∏–µ"
"–ü–ö –ò—â—É –∫—Ä—ã—à—É","682201249","–ò—â–µ–º –æ–¥–Ω—É –¥–µ–≤—É—à–∫—É –Ω–∞ –ø–æ–¥—Å–µ–ª–µ–Ω–∏–µ  –ó–∞—Å–µ–ª–µ–Ω–∏–µ 1-–æ–≥–æ —á–∏—Å–ª–∞, –º–æ–∂–Ω–æ –∏ 28-–æ–≥–æ –ö–≤ 2—Ö –∫–æ–º–Ω–∞—Ç–Ω–∞—è, —Å –≤–∞–º–∏ 4 –¥–µ–≤—É—à–µ–∫  –ê–¥—Ä–µ—Å: –ñ–∞–Ω–¥–æ—Å–æ–≤–∞/–†–∞–¥–æ—Å—Ç–æ–≤—Ü–∞, —Ä—è–¥–æ–º —Å –º–µ—á–µ—Ç—å –ë–∞–π–∫–µ–Ω  –û–ø–ª–∞—Ç–∞ 62,5 –∫, –¥–µ–ø–æ–∑–∏—Ç –Ω–µ—Ç   –§–æ—Ç–æ, –≤–∏–¥–µ–æ –æ—Ç–ø—Ä–∞–≤–ª—é –≤ –ª—Å)"
"–ü–ö –ò—â—É –∫—Ä—ã—à—É","1136454423","–°—Ä–æ—á–Ω–æ ‚ÄºÔ∏è‚ÄºÔ∏è‚ÄºÔ∏è –ø–æ–¥—Å–µ–ª–µ–Ω–∏–µ–≥–µ 1 “õ—ã–∑ –∫–µ—Ä–µ–∫. 1 –∫–æ–º–Ω–∞—Ç–∞ 3 –∫—ã–∑ –±–æ–ª—ã–ø —Ç—É—Ä–∞–º—ã–∑  –ê–¥—Ä–µ—Å:–ê–ª–º–∞ –°–∏—Ç–∏ 5  –ë–∞—Ä–ª—ã–∫ –∂–∞“ì–¥–∞–π –∂–∞—Å–∞–ª“ì–∞–Ω. –û–ø–ª–∞—Ç–∞:35–∫ –í–∞—Ç—Å–∞–ø: 87026733167 –°—Ä–æ—á–Ω–æ ‚ÄºÔ∏è‚ÄºÔ∏è‚ÄºÔ∏è –ø–æ–¥—Å–µ–ª–µ–Ω–∏–µ–≥–µ 1 “õ—ã–∑ –∫–µ—Ä–µ–∫. 1 –∫–æ–º–Ω–∞—Ç–∞ 3 –∫—ã–∑ –±–æ–ª—ã–ø —Ç—É—Ä–∞–º—ã–∑  –ê–¥—Ä–µ—Å:–ê–ª–º–∞ –°–∏—Ç–∏ 5  –ë–∞—Ä–ª—ã–∫ –∂–∞“ì–¥–∞–π –∂–∞—Å–∞–ª“ì–∞–Ω. –û–ø–ª–∞—Ç–∞:35–∫ –í–∞—Ç—Å–∞–ø: 87026733167"
"–ü–ö –ò—â—É –∫—Ä—ã—à—É","519623755","üîîüîîüîîüîîüîîüîîüîîüîîüîîüîîüîîüîîüîî –ò—â–µ–º –æ–¥–Ω—É –∏–ª–∏ 2—Ö —á–∏—Å—Ç–æ–ø–ª–æ—Ç–Ω—É—é, —Ä–∞–±–æ—Ç–∞—é—â—É—é, –∞–¥–µ–∫–≤–∞—Ç–Ω—É—é –¥–µ–≤—É—à–∫—É –ù–ê –ø–æ–¥—Å–µ–ª–µ–Ω–∏–µ –∫ –æ–¥–Ω–æ–π –¥–µ–≤—É—à–∫–µ –≤ 2—Ö –∫–æ–º–Ω–∞—Ç–Ω—É—é –∫–≤–∞—Ä—Ç–∏—Ä—É.  –í–∞—Å –±—É–¥–µ—Ç —Ç—Ä–æ–µ –≤ –æ–¥–Ω–æ–π –∫–æ–º–Ω–∞—Ç–µ.  –ó–∞–µ—Ö–∞—Ç—å –º–æ–∂–Ω–æ —Å 10/07!  –ö–≤–∞—Ä—Ç–∏—Ä–∞ –Ω–∞—Ö–æ–¥–∏—Ç—Å—è –Ω–∞ –°–∞–∏–Ω–∞-–£–ª—É–≥–±–µ–∫–∞ (–ê–∫—Å–∞–π-4), –≤—Å–µ —É—Å–ª–æ–≤–∏—è –¥–ª—è –ø—Ä–æ–∂–∏–≤–∞–Ω–∏—è –µ—Å—Ç—å.  –¶–µ–Ω–∞ 50 000—Ç–≥+–∫–æ–º. —É—Å–ª—É–≥–∏.  –î–µ–ø–æ–∑–∏—Ç 10—Ç—ã—Å.—Ç–≥."
"–ü–ö –ò—â—É –∫—Ä—ã—à—É","6224117229","–í—Å–µ–º –ø—Ä–∏–≤–µ—Ç  –ò—é–ª—å–¥—ñ“£ 1–Ω–µ–Ω –±–∞—Å—Ç–∞–ø –∫”©—à—ñ–ø –∫–µ–ª–µ—Ç—ñ–Ω “õ—ã–∑ –∫–µ—Ä–µ–∫.  –ù–µ–≥—ñ–∑—ñ –æ–ø–ª–∞—Ç–∞ ”ô—Ä –∞–π–¥—ã“£ 14—ñ —á–∏—Å–ª–æ—Å—ã. 36 –º—ã“£ —Ç–≥ –≤ –º–µ—Å—è—Ü.   –ï—Å–ª–∏ 1–Ω–µ–Ω –∫”©—à—ñ–ø –∫–µ–ª—Å–µ“£—ñ–∑ 14–Ω–µ –¥–µ–π—ñ–Ω–≥—ñ –∞“õ—à–∞–Ω—ã —Ç”©–ª–µ–π—Å—ñ–∑, –ø–æ—Ç–æ–º 14 –ø–æ–ª–Ω—ã–π –æ–ø–ª–∞—Ç–∞ –∂–∞—Å–∞–π—Å—ã–∑.   2–∫–æ–º–Ω–∞—Ç–Ω–∞—è –∫–≤–∞—Ä—Ç–∏—Ä–∞.  –û–±—â–∏–π 5 “õ—ã–∑ —Ç“±—Ä–∞–¥—ã. –ê–¥—Ä–µ—Å: –Ø–Ω—É—à–∫–µ–≤–∏—á–∞ 18/16  –°–∞—è—Ö–∞—Ç –∂–∞“õ  –ì–æ—Ä—å–∫–∏–π –ø–∞—Ä–∫, –ø–∞–Ω—Ñ–∏–ª–æ–≤ –ø–∞—Ä–∫—Ç—ã–Ω “õ–∞—Å—ã–Ω–¥–∞. –°–∞—è—Ö–∞—Ç, –∑–µ–ª–µ–Ω—ã–π –±–∞–∑–∞—Ä 7-10 –º–∏–Ω—É—Ç—Ç—ã“õ –∂–µ—Ä–¥–µ. –ê–±–∞–π —É–Ω–∏–≤–µ—Ä—ñ–Ω—ñ“£ “õ–∞—Å—ã–Ω–¥–∞  –°—Ç–∏—Ä–∞–ª—å–Ω–∞—è –º–∞—à–∏–Ω–∞ , –ª–∏—Ñ—Ç –±–∞—Ä. –°—Ä–∞–∑—É –≤–∞—Ç—Å–∞–ø“õ–∞ –∂–∞–∑—ã–Ω—ã–∑: 87475913962"
"–ü–ö –ò—â—É –∫—Ä—ã—à—É","460348779","–í—Å–µ–º –ø—Ä–∏–≤–µ—Ç, –∏—â—É —Å–æ—Å–µ–¥–∞ –≤ –æ—Ç–¥–µ–ª—å–Ω—É—é –∫–æ–º–Ω–∞—Ç—É. –ö–≤–∞—Ä—Ç–∏—Ä–∞ –¥–≤—É—Ö–∫–æ–º–Ω–∞—Ç–Ω–∞—è, —Ä–∞—Å–ø–æ–ª–∞–≥–∞–µ—Ç—Å—è –Ω–∞ –ø–µ—Ä–µ—Å–µ—á–µ–Ω–∏–∏ –¢–æ–ª–µ –±–∏¬† - –ì–∞–≥–∞—Ä–∏–Ω–∞. –†—è–¥–æ–º –ú–∞–≥–Ω—É–º, –±–æ–ª—å—à–æ–π Small, –∞–ø—Ç–µ–∫–∏, —Ä–µ—Å—Ç–∏–∫–∏, –≤—Å—ë –≤ —à–∞–≥–æ–≤–æ–π –¥–æ—Å—Ç—É–ø–Ω–æ—Å—Ç–∏. –ö–≤–∞—Ä—Ç–∏—Ä–∞ –≤ –æ—á–µ–Ω—å —Ö–æ—Ä–æ—à–µ–º —Å–æ—Å—Ç–æ—è–Ω–∏–∏, –ø—Ä–æ—Å—Ç–æ—Ä–Ω–∞—è –∏ —Å–≤–µ—Ç–ª–∞—è. –Ø —Ä–∞–±–æ—Ç–∞—é 5/2. –ë—É–¥—É —Ä–∞–¥ –ø—Ä–∏—è—Ç–Ω–æ–º—É —Å–æ—Å–µ–¥—É, –ø–æ–ª –Ω–µ –≤–∞–∂–µ–Ω. 140 000 + –∫—É. –ü–∏—à–∏—Ç–µ –≤ –ª—Å, —Å–∫–∏–Ω—É —Ñ–æ—Ç–∫–∏"
"–ü–ö –ò—â—É –∫—Ä—ã—à—É","724839775","–í—Å–µ–º –ø—Ä–∏–≤–µ—Ç ! –ò—â—É –¥–µ–≤–æ—á–µ–∫ –Ω–∞ –ø–æ–¥—Å–µ–ª–µ–Ω–∏–µ ,–≥–ª–∞–≤–Ω–æ–µ —á—Ç–æ–± –±—ã–ª–∏ —á–∏—Å—Ç–æ–ø–ª–æ—Ç–Ω—ã–µ –∏ –ø–ª–∞—Ç–µ–∂–µ—Å–ø–æ—Å–æ–±–Ω—ã–µ .  –°–µ–π—á–∞—Å –ø—Ä–æ–∂–∏–≤–∞—é—Ç 2 –¥–µ–≤—É—à–µ–∫  –ê–¥—Ä–µ—Å: –ö–ª–æ—á–∫–æ–≤–∞ 170 (–≤–æ–∑–ª–µ –ê—Ç–∞–∫–µ–Ω—Ç–∞)  –í –º–µ—Å—è—Ü 50 —Ç—ã—Å +–∫–æ–º —É—Å–ª—É–≥—É (–ø—Ä–∏–º–µ—Ä–Ω–æ 10 —Ç—ã—Å ) –ü–∏—à–∏—Ç–µ –≤ –ª—Å —Å–∫–∏–Ω—É —Ñ–æ—Ç–æ  87761697676 –ê–π–≥–µ—Ä–∏–º"
"–ü–ö –ò—â—É –∫—Ä—ã—à—É","1049889997","–Ω—É–∂–Ω–∞ 1 –¥–µ–≤–æ—á–∫–∞ –Ω–∞ –ø–æ–¥—Å–µ–ª–µ–Ω–∏–µ‚ÄºÔ∏è‚ÄºÔ∏è‚ÄºÔ∏è—Å 1 –∏—é–ª—è  2—Ö –∫–æ–º–Ω–∞—Ç–Ω–∞—è –∫–≤–∞—Ä—Ç–∏—Ä–∞, –±—É–¥–µ—Ç–µ –∂–∏—Ç—å –≤ –∏–∑–æ–ª–∏—Ä–æ–≤–∞–Ω–Ω–æ–π –∫–æ–º–Ω–∞—Ç–µ —Å –æ–¥–Ω–æ–π –¥–µ–≤–æ—á–∫–æ–π, –∫—Ä–æ–≤–∞—Ç—å —Ä–∞–∑–¥–µ–ª—å–Ω–∞—è  –∞–¥—Ä–µ—Å: –∞–±–∞—è –±–∞–π—Ç—É—Ä—Å—ã–Ω–æ–≤–∞  –æ–ø–ª–∞—Ç–∞: 19 —á–∏—Å–ª–∞ 60–∫ —Å —á–µ–ª–æ–≤–µ–∫–∞  –ù–û —Ç–∞–∫ –∫–∞–∫ –≤—ã –∑–∞—Å–µ–ª—è–µ—Ç–µ—Å—å 1 –∏—é–ª—è –æ–ø–ª–∞—Ç–∞ –±—É–¥–µ—Ç 40–∫ –ø–µ—Ä–≤—ã–π –º–µ—Å—è—Ü."
"–ü–ö –ò—â—É –∫—Ä—ã—à—É","720417537","–í—Å–µ–º –ø—Ä–∏–≤–µ—Ç.–ù–∞ –ø–æ–¥—Å–µ–ª–µ–Ω–∏–µ –Ω—É–∂–Ω—ã 2–¥–µ–≤—É—à–∫–∏ –≤ –∏–∑–æ–ª–∏—Ä–æ–≤–∞–Ω–Ω—É—é –∫–æ–º–Ω–∞—Ç—É.–û–ø–ª–∞—Ç–∞ 45–∫+–∫–æ–º.–ê–¥—Ä–µ—Å:–ú–∏–∫—Ä–æ—Ä–∞–π–æ–Ω –¢–∞—É–≥—É–ª—å 40.–ó–∞ –ø–æ–¥—Ä–æ–±–Ω—É—é –∏–Ω—Ñ–æ—Ä–º–∞—Ü–∏—é –ø–∏—à–∏—Ç–µ –≤ –ª–∏—á–∫—É"
"–ü–ö –ò—â—É –∫—Ä—ã—à—É","6468349625","–°—Ä–æ—á–Ω–æ ‚ÄºÔ∏è    –ò—â—É –¥–µ–≤–æ—á–µ–∫ –Ω–∞ –ø–æ–¥—Å–µ–ª–µ–Ω–∏–µ. !! –° 29 –∏—é–Ω—è !!  –ö–≤–∞—Ä—Ç–∏—Ä–∞ –Ω–∞—Ö–æ–¥–∏—Ç—Å—è: –ê–±–∞—è –†–æ–∑–∏–±–∞–∫–∏–µ–≤–∞ 3-—Ö –∫–æ–º–Ω–∞—Ç–Ω–∞—è. –ù—É–∂–Ω—ã 3-–æ–µ –¥–µ–≤–æ—á–µ–∫ —Å—Ç—É–¥–µ–Ω—Ç–∫–∏ –≤ –∑–∞–ª. –ë–µ–∑ –≤—Ä–µ–¥–Ω—ã—Ö –ø—Ä–∏–≤—ã—á–µ–∫, –æ–ø–ª–∞—Ç—É –≤–æ–≤—Ä–µ–º—è –ø–ª–∞—Ç–∏–ª–∏ —á—Ç–æ–±—ã, –ø–∞—Ä–Ω–µ–π –Ω–µ –ø—Ä–∏–≤–æ–¥–∏–ª–∏ –∏ –≥–ª–∞–≤–Ω–æ–µ *–ß–ò–°–¢–û–ü–õ–û–¢–ù–´–ï* –∂–µ–ª–∞—Ç–µ–ª—å–Ω–æ –ø–æ–¥—Ä—É–≥–∏ –Ω–∞ –¥–æ–ª–≥–∏–π —Å—Ä–æ–∫!  –û–ø–ª–∞—Ç–∞: 40 —Ç—ã—Å+ –∫–æ–º –ü–∏—à–∏—Ç–µ –Ω–∞ –≤–∞—Ü –∞–ø –ø–æ –≤–æ–ø—Ä–æ—Å–∞–º 8775 314 34 14 2"
"–ü–ö –ò—â—É –∫—Ä—ã—à—É","6749529073","–°–†–û–ß–ù–û‚ÄºÔ∏è–ê—Ç–∞–∫–µ–Ω—Ç –∫–∞–∑–Ω—É –∂–∞“õ“õ–∞ –∏–∑–æ–ª–∏—Ä–æ–≤–∞–Ω–Ω–∞—è –∫–æ–º–Ω–∞—Ç–∞“ì–∞¬† –±—ñ—Ä “õ—ã–∑ –∫–µ—Ä–µ–∫.–∫–æ–º–Ω–∞—Ç–∞–¥–∞ –µ–∫—ñ –∫—ã–∑ –±–æ–ª—ã–ø —Ç—É—Ä–∞—Å—ã–∑–¥–∞—Ä –æ–ø–ª–∞—Ç–∞: 52500‚Ç∏+–∫–æ–º—É—Å–ª—É–≥–∞ –ê—Ä—Ç—ã“õ “õ—ã–ª—ã“ì—ã –∂–æ“õ, —ñ—à–ø–µ–π—Ç—ñ–Ω —à–µ–∫–ø–µ–π—Ç—ñ–Ω “õ—ã–∑ –±–æ–ª—Å–∞"
"–ü–ö –ò—â—É –∫—Ä—ã—à—É","554992459","–ò—â–µ–º 2 –¥–µ–≤—É—à–µ–∫ –Ω–∞ –ø–æ–¥—Å–µ–ª–µ–Ω–∏–µ ( –≤–æ–∑—Ä–∞—Å—Ç 18-25 –ª–µ—Ç) –í 2—Ö –∫–æ–º–Ω–∞—Ç–Ω—É—é –∫–≤–∞—Ä—Ç–∏—Ä—É  –ë—É–¥–µ—Ç–µ —Å–ø–∞—Ç—å –≤ –∑–∞–ª–µ(—Å—Ç—É–¥–∏—è –∫—É—Ö–Ω—è —Å –∑–∞–ª–æ–º) –ê–¥—Ä–µ—Å: –ñ–∫ –ê–ª—Ç—ã–Ω –ë—É–ª–∞–∫ –û–ø–ª–∞—Ç–∞: 65–∫ —Å —á–µ–ª–æ–≤–µ–∫–∞ + –∫–æ–º —É—Å–ª –î–µ–ø–æ–∑–∏—Ç 10–∫(–≤–æ–∑–≤—Ä–∞—â–∞–µ—Ç—Å—è –ø—Ä–∏ –≤—ã–µ–∑–¥–µ) –û–ø–ª–∞—Ç–∞ –∫–∞–∂–¥—ã–π –º–µ—Å—è—Ü 20–≥–æ —á–∏—Å–ª–∞ –ú–æ–∂–µ—Ç–µ –æ–±—Ä–∞—â–∞—Ç—å—Å—è –ø–æ —ç—Ç–æ–º—É –Ω–æ–º–µ—Ä—É +7¬†775¬†081¬†2842 ( —Ç–æ–ª—å–∫–æ –≤–∞—Ç—Å–∞–ø )"
"–ü–ö –ò—â—É –∫—Ä—ã—à—É","7128978059","–ü–æ—Å–µ–ª–µ–Ω–∏–µ–≥–µ 1 “õ—ã–∑ –∞–ª–∞–º—ã–Ω –ú–∏–∫—Ä–æ—Ä–∞–π–æ–Ω –ê–ö–ö–ï–ù–¢ 30 –ê–¥–∞–º –±–∞—Å—ã–Ω–∞ 45000 —Ç–≥ –∫–æ–º—É–Ω–∞–ª–∫–∞ —ñ—à—ñ–Ω–¥–µ –ê—Ä—Ç—ã“õ “õ—ã–ª—ã“ì—ã –∂–æ“õ,“±“õ—ã–ø—Ç—ã,—ñ—à–ø–µ–π—Ç—ñ–Ω —à–µ–∫–ø–µ–π—Ç—ñ–Ω,—Ç–∞–∑–∞ “õ—ã–∑ —ñ–∑–¥–µ–π–º—ñ–Ω.“ö—ã–∑–¥–∞—Ä—ã–º ”©—Ç–µ –∂–∞“õ—Å—ã. –û—Å—ã –Ω–æ–º–µ—Ä–≥–µ —Ö–∞–±–∞—Ä–ª–∞—Å—Å–∞“£—ã–∑ –±–æ–ª–∞–¥—ã 87059569696"
"–ü–ö –ò—â—É –∫—Ä—ã—à—É","955236916","–°—Ä–æ—á–Ω–æ  –ù—É–∂–Ω–∞ 1 –¥–µ–≤—É—à–∫–∞ –Ω–∞ –ø–æ–¥—Å–µ–ª–µ–Ω–∏–µ –û–ø–ª–∞—Ç–∞ 72500+–∫–æ–º–º+–∏–Ω—Ç–µ—Ä–Ω–µ—Ç –ú–æ–∂–µ—Ç–µ –∑–∞—Å–µ–ª–∏—Ç—Å—è —É–∂–µ —Å–µ–≥–æ–¥–Ω—è –ê–¥—Ä–µ—Å –∫–æ–∫—Ç–µ–º 1,15 –ö–≤–∞—Ä—Ç–∏—Ä–∞ 2 –∫–æ–º–Ω–∞—Ç–Ω–∞—è, –≤ –∫–∞–∂–¥–æ–π –∫–æ–º–Ω–∞—Ç–µ –±—É–¥–µ–º –∂–∏—Ç—å –ø–æ 2 –¥–µ–≤—É—à–µ–∫ –î–ª—è –∫–æ–º—Ñ–æ—Ä—Ç–Ω–æ–≥–æ –ø—Ä–æ–∂–∏–≤–∞–Ω–∏—è –≤—Å–µ –µ—Å—Ç—å"
"–ü–ö –ò—â—É –∫—Ä—ã—à—É","798474799","–í—Å–µ–º –ø—Ä–∏–≤–µ—Ç. –ü–æ–¥—Å–µ–ª–µ–Ω–∏–µ–≥–µ 1 “õ—ã–∑ –∫–µ—Ä–µ–∫, 2 –∞–π“ì–∞ —Ç“±—Ä–∞—Ç—ã–Ω, –∏—é–ª—å –∏ –∞–≤–≥—É—Å—Ç, –ö–∞–∑–ù—É, –ü–æ–ª–∏—Ç–µ—Ö, –ê—É–≠—Å –∂–∞“õ—ã–Ω, –∂–µ–∫–µ –∫–æ–º–Ω–∞—Ç–∞–¥–∞ 2 “õ—ã–∑ –±–æ–ª—ã–ø —Ç“±—Ä–∞—Å—ã–∑–¥–∞—Ä. –ê–¥—Ä–µ—Å: –º–∫—Ä –∫–æ–∫—Ç–µ–º-1. 8702 171 86 43"
"–ü–ö –ò—â—É –∫—Ä—ã—à—É","5147491511","–ü–æ–π–¥–µ–º –Ω–∞ –ø–æ–¥—Å–µ–ª–µ–Ω–∏–µ 2 –ø–∞—Ä–Ω—è –ú–æ–∂–µ–º –∑–∞—Å–µ–ª–∏—Ç—Å—è –≤ –∫–æ–Ω—Ü–µ —ç—Ç–æ–≥–æ –º–µ—Å—è—Ü–∞. –¢–û–õ–¨–ö–û –î–û –°–ï–ù–¢–Ø–ë–†–Ø –ü–∏—à–∏—Ç–µ –≤ –ª–∏—á–∫—É‚úÖ"
"–ü–ö –ò—â—É –∫—Ä—ã—à—É","1596315306","üÜòüÜòüÜòüÜòüÜò   üõë–°—Ä–æ—á–Ω–æ –ö–≤“ì–∞ 1 –∫—ã–∑ –∫–µ—Ä–µ–∫, 2 “õ—ã–∑ —Ç“±—Ä–∞–º—ã–∑ üõë1 –∫–æ–º–Ω–∞—Ç–Ω—ã–π –ö–í 160–∫ üõë38–∫ 15.07. –î–µ–π—ñ–Ω –∫–æ–º—É—Å–ª—É–≥–∞ —ñ—à—ñ–Ω–µ –∫—ñ—Ä–µ–¥—ñ! 15.07 –Ω–µ–Ω –±–∞—Å—Ç–∞–ø 55–∫ üõë–ë–∞—Ä–ª—ã“õ —É—Å–ª–æ–≤–∏—è –±–∞—Ä-WiFi, —à–∏–ø–∞–Ω–µ—Ä,–∫—Ä–æ–≤–∞—Ç—å,—Ö–æ–ª–æ–¥–∏–ª—å–Ω–∏–∫, –º–∏–∫—Ä–æ–≤–æ–ª–Ω–æ–≤–∫–∞, —Å—Ç–∏—Ä–∞–ª—å–Ω–∞—è –º–∞—à–∏–Ω–∞, –¥—É—à, –µ–≤—Ä–æ —Ä–µ–º–æ–Ω—Ç, –∂–∞–ø –∂–∞–Ω–∞ —Ç–∞–ø —Ç–∞–∑–∞  üõë–ê“õ–∫–µ–Ω—Ç–∫–µ –ø—Ä—è–º –Ω–∞ –ø—Ä–æ—Ç–∏–≤  üõë–ú–∫—Ä–Ω –ê–ª—Ç—ã–Ω –±–µ—Å—ñ–∫ –∂–µ—Ä —É–π üõë–¢—Ä–∞—Å—Å–∞“ì–∞ 2 –º–∏–Ω"
"–ü–ö –ò—â—É –∫—Ä—ã—à—É","5147491511","–ü–æ–π–¥–µ–º –Ω–∞ –ø–æ–¥—Å–µ–ª–µ–Ω–∏–µ 2 –ø–∞—Ä–Ω—è –ú–æ–∂–µ–º –∑–∞—Å–µ–ª–∏—Ç—Å—è –≤ –∫–æ–Ω—Ü–µ —ç—Ç–æ–≥–æ –º–µ—Å—è—Ü–∞. –¢–û–õ–¨–ö–û –î–û –°–ï–ù–¢–Ø–ë–†–Ø –ü–∏—à–∏—Ç–µ –≤ –ª–∏—á–∫—É‚úÖ –°–†–û–ß–ù–û‚ÄºÔ∏è‚ÄºÔ∏è‚ÄºÔ∏è"
"–ü–ö –ò—â—É –∫—Ä—ã—à—É","837889893","–ò—â—É 2 –¥–µ–≤—É—à–µ–∫ –Ω–∞ –ø–æ–¥—Å–µ–ª–µ–Ω–∏–µ  2—Ö –∫–æ–º –∫–≤–∞—Ä—Ç–∏—Ä–∞ –Ω–∞ –ì–∞–≥–∞—Ä–∏–Ω–∞ –¢–∏–º–∏—Ä—è–∑–µ–≤–∞ üè†  –ö–≤–∞—Ä—Ç–∏—Ä–∞ —á–∏—Å—Ç–∞—è, —É—é—Ç–Ω–∞—è, –≤—Å—è –±—ã—Ç–æ–≤–∞—è —Ç–µ—Ö–Ω–∏–∫–∞ –∏–º–µ–µ—Ç—Å—è üòä –ë—É–¥–µ–º –∂–∏—Ç—å –≤—Ç—Ä–æ–µ–º –û–ø–ª–∞—Ç–∞ 66–∫  –ó–∞–µ—Ö–∞—Ç—å –º–æ–∂–Ω–æ —Ö–æ—Ç—å –∑–∞–≤—Ç—Ä–∞ –ó–∞ —Ñ–æ—Ç–∫–∞–º–∏ –ø–∏—à–∏—Ç–µ –≤ –ª—Å"
"–ü–ö –ò—â—É –∫—Ä—ã—à—É","478559664","–ù—É–∂–Ω—ã 3 –¥–µ–≤—É—à–∫–∏ –Ω–∞ –ø–æ–¥—Å–µ–ª–µ–Ω–∏–µ –≤ –∏–∑–æ–ª–∏—Ä–æ–≤–∞–Ω–Ω—É—é –∫–æ–º–Ω–∞—Ç—É. –î–æ–º —Å–∑–∞–¥–∏ —Ç—Ä—Ü –ú–∞–∫—Å–∏–º–∞. –í—Å–µ –Ω–µ–æ–±—Ö–æ–¥–∏–º–æ–µ —Ä—è–¥–æ–º –µ—Å—Ç—å, —Ä–µ–º–æ–Ω—Ç –Ω–æ–≤—ã–π, –≤ –¥–æ–º–µ –≤—Å–µ –µ—Å—Ç—å. –ö–≤–∞—Ä—Ç–∏—Ä–∞ –±–æ–ª—å—à–∞—è, —Å–≤–µ—Ç–ª–∞—è. –û–ø–ª–∞—Ç–∞ –ø–æ 75 –∫. –ü—Ä–æ—à—É –ø–∏—Å–∞—Ç—å –∞–¥–µ–∫–≤–∞—Ç–Ω—ã–º, –ø–ª–∞—Ç–µ–∂–µ—Å–ø–æ—Å–æ–±–Ω—ã–º, –Ω–µ –∫—É—Ä—è—â–∏–º –¥–µ–≤—É—à–∫–∞–º."
"–ü–ö –ò—â—É –∫—Ä—ã—à—É","7005590508","–ñ–∞–Ω—ã–º–∞ –µ–∫—ñ –∞–π —Ç“±—Ä—É“ì–∞ –∞–¥–∞–º –∞–ª–∞–º—ã–Ω, “õ—ã–∑ –±–∞–ª–∞ —Ä–∞–∑–Ω–∏—Ü–∞ –∂–æ“õ. 3¬† —ç—Ç–∞–∂ –∫–æ—Ç—Ç–µ–¥–∂,¬† —Ç”©—Å–µ–∫ –±–∞—Ä. –û–ø–ª–∞—Ç–∞ 75 –º—ã–Ω —Å–æ–Ω—ã –ø–æ–ø–∞–ª–∞–º –±”©–ª–µ–º—ñ–∑. –ê–¥—Ä–µ—Å –®–∞–ª—è–ø–∏–Ω–∞ –Ø—Å—Å–∞—É–∏. –†–∞–π–æ–Ω —Ç—ã–Ω—ã—à, —ç–ª–∏—Ç–Ω—ã–π –∫–æ—Ç—Ç–µ–¥–∂–Ω—ã–π —Ä–∞–π–æ–Ω. –¢–∏–ø –æ–±—â–∞–≥–∞, –¥—É—à —Ç—É–∞–ª–µ—Ç –±–∞—Ä."
"–ü–ö –ò—â—É –∫—Ä—ã—à—É","1316374075","2 “õ—ã–∑ –∫–µ—Ä–µ–∫ –æ—Ç–¥–µ–ª—å–Ω–æ –∏–∑–æ –∫–æ–º–Ω–∞—Ç–∞“ì–∞ !  –ê–¥—Ä–µ—Å —Ç—Ä—Ü –º–æ—Å–∫–≤–∞ –∂–∞–∫—Ç–∞ , –¥–∞–ª—å—à–µ –ø–æ–¥—Ä–æ–±–Ω–µ–µ –≤ –ª–∏—á–∫—É !"
"–ü–ö –ò—â—É –∫—Ä—ã—à—É","1226616250","–ù–∞ –ø–æ–¥—Å–µ–ª–µ–Ω–∏–µ –≤–æ–∑—å–º—É –æ–¥–Ω—É –¥–µ–≤—É—à–∫—É –≤ –¥–≤—É—Ö–∫–æ–º–Ω–∞—Ç–Ω—É—é –∫–≤–∞—Ä—Ç–∏—Ä—É. –û–ø–ª–∞—Ç–∞ 62500 + –∫–æ–º—É—Å–ª—É–≥–∏ –ê–¥—Ä–µ—Å: –∞–∫—Å–∞–π 5, 25 –§–æ—Ç–∫–∏ —Å–∫–∏–Ω—É –≤ –ª–∏—á–∫—É"
"–ü–ö –ò—â—É –∫—Ä—ã—à—É","724839775","–í—Å–µ–º –ø—Ä–∏–≤–µ—Ç ! –ò—â—É –¥–µ–≤–æ—á–µ–∫ –Ω–∞ –ø–æ–¥—Å–µ–ª–µ–Ω–∏–µ ,–≥–ª–∞–≤–Ω–æ–µ —á—Ç–æ–± –±—ã–ª–∏ —á–∏—Å—Ç–æ–ø–ª–æ—Ç–Ω—ã–µ –∏ –ø–ª–∞—Ç–µ–∂–µ—Å–ø–æ—Å–æ–±–Ω—ã–µ .  –ê–¥—Ä–µ—Å: –ö–ª–æ—á–∫–æ–≤–∞ 170 (–≤–æ–∑–ª–µ –ê—Ç–∞–∫–µ–Ω—Ç–∞)  –í –º–µ—Å—è—Ü 50 —Ç—ã—Å +–∫–æ–º —É—Å–ª—É–≥—É (–ø—Ä–∏–º–µ—Ä–Ω–æ 10 —Ç—ã—Å ) –ü–∏—à–∏—Ç–µ –≤ –ª—Å —Å–∫–∏–Ω—É —Ñ–æ—Ç–æ  87761697676 –ê–π–≥–µ—Ä–∏–º"
"–ü–ö –ò—â—É –∫—Ä—ã—à—É","736575512","–°—Ä–æ—á–Ω–æ‚ùóÔ∏è üìç–ò—â–µ–º 1 –¥–µ–≤—É—à–∫—É  –Ω–∞ –ø–æ–¥—Å–µ–ª–µ–Ω–∏–µ –∂–µ–ª–∞—Ç–µ–ª—å–Ω–æ –ª–µ—Ç 20-25, –±–µ–∑ –≤—Ä–µ–¥–Ω—ã—Ö –ø—Ä–∏–≤—ã—á–µ–∫, —á–∏—Å—Ç–æ–ø–ª–æ—Ç–Ω—É—é , –ø–æ—Ä—è–¥–æ—á–Ω—É—é, –ø–ª–∞—Ç–µ–∂–µ—Å–ø–æ—Å–æ–±–Ω—É—é  –Ω–∞ –¥–æ–ª–≥–∏–π —Å—Ä–æ–∫ ‚ùóÔ∏è –ê–¥—Ä–µ—Å: –ñ–∞–Ω–¥–∞—Ä–±–µ–∫–æ–≤–∞ 195 (–ñ–∞—Ä–æ–∫–æ–≤–∞-–ë—É—Ö–∞—Ä –∂—ã—Ä–∞—É) –ë–æ—Å—Ç–∞–Ω–¥—ã–∫—Å–∫–∏–π —Ä–∞–π–æ–Ω –û–ø–ª–∞—Ç–∞: 46–∫+ –∫–æ–º–º—É–Ω–∞–ª–∫–∞ –ó–∞–µ–∑–¥: 22/23.06.2024 –ù–æ–º–µ—Ä:87004277007 (–Ω–µ –∑–≤–æ–Ω–∏—Ç—å, –ø–∏—Å–∞—Ç—å –≤–∞—Ç—Å–∞–ø)"
"–ü–ö –ò—â—É –∫—Ä—ã—à—É","5007497592","2-–±–æ–ª–º–µ–ª–∏ –ø–∞—Ç–µ—Ä–≥–µ 2-–∫—ã–∑ –∫–µ—Ä–µ–∫ –ê–¥—Ä–µ—Å –û—Ä–±–∏—Ç–∞-3 –ë–æ—Å—Ç–∞–Ω–¥—ã–∫—Å—Å–∫–∏–∏ —Ä–∞–π–æ–Ω –ú–µ–≥–∞–Ω—ã–Ω –∂–∞–Ω—ã–Ω–¥–∞ –ú–∞–≥–Ω—É–º –ë–∞–∑–∞—Ä –ú–µ—á–µ—Ç —Ä—è–¥–æ–º 8707 693 00 20 –£–∞—Ç—Å–∞–ø –û–ø–ª–∞—Ç–∞ 50 000 –≠–ª–∏—Ç–Ω—ã–π —Ä–∞–π–æ–Ω"
"–ü–ö –ò—â—É –∫—Ä—ã—à—É","1172908268","–ü–û–î–†–ê–ë–û–¢–ö–ê!  –ê–ª–º–∞—Ç—ã –∫–∞–ª–∞—Å—ã–Ω–∞–Ω 2 –∫—ã–∑ –∫–µ—Ä–µ–∫. –û–±–∑–≤–æ–Ω –∂–∞—Å–∞—É–≥–∞ . –û—Ä—ã—Å—à–∞, –∫–∞–∑–∞–∫—à–∞ —Å–æ–π–ª–µ–π –∞–ª–∞—Ç—ã–Ω! 10:00-19:00 –≥–µ –¥–µ–π—ã–Ω. 10 –º—ã–Ω —Ç–µ–Ω–≥–µ!"
"–ü–ö –ò—â—É –∫—Ä—ã—à—É","633707682","–∏—â—É –Ω–∞ –ø–æ–¥—Å–µ–ª–µ–Ω–∏–µ –æ–¥–Ω—É –∏–ª–∏ 2 –¥–µ–≤—É—à–µ–∫, –∫–æ–º–Ω–∞—Ç–∞ –∏–∑–æ–ª–∏—Ä–æ–≤–∞–Ω–∞, –∫–≤ –ø–æ–ª–Ω–æ—Å—Ç—å—é –º–µ–±–µ–ª–∏—Ä–æ–≤–∞–Ω–∞ –µ—Å—Ç—å –≤—Å–µ –Ω–µ–æ–±—Ö–æ–¥–∏–º–æ–µ, –æ–ø–ª–∞—Ç–∞ 120000 —Ç—ã—Å—è—á, –∫–≤ 3 –∫–æ–º–Ω–∞—Ç–Ω–∞—è, –≤—Å–µ –¥–µ–≤–æ—á–∫–∏ –æ—á–µ–Ω—å –¥—Ä—É–∂–Ω—ã–µ, –Ω–µ –ø–µ—Ä–µ—Å–µ–∫–∞—é—â–∏–µ –ª–∏—á–Ω—ã–µ –≥—Ä–∞–Ω–∏—Ü—ã –ê–¥—Ä–µ—Å: –ö–∞–∑–∞—Ö—Ñ–∏–ª—å–º 32 –ü–∏—à–∏—Ç–µ –≤ —Ç–≥ –∏–ª–∏ –ø–æ –Ω–æ–º–µ—Ä—É 87769842460"
"–ü–ö –ò—â—É –∫—Ä—ã—à—É","6490596310","–ê–∑–∏–∞ –ø–∞—Ä–∫  –º–∞–≥–Ω—É–º  –ñ–∞–Ω—ã–Ω–¥–∞  1 “õ—ã–∑ —ñ–∑–¥–µ–π–º—ñ–Ω  –ö–≤  35 000 —Ç–≥ –ë“Ø–≥—ñ–Ω –∫”©—à—ñ–ø –∫–µ–ª—É–≥–µ –±–æ–ª–∞–¥—ã  “Æ–ª–∫–µ–Ω —à–∫–∞—Ñ  –±–∞—Ä –∂–∞“ì–¥–∞–π –±”ô—Ä—ñ –∂–∞—Å–∞–ª“ì–∞–Ω –†–∞–π—ã–º–±–µ–∫ 502 –∞ üëç  1 –∫–æ–º 3 “õ—ã–∑ “ì–∞–Ω–∞ –∂–∞—Ç–∞–º—ã–∑"
"–ü–ö –ò—â—É –∫—Ä—ã—à—É","1103772105","–ü–æ–¥—Å–µ–ª–µ–Ω–∏–µ–≥–µ 1–∫—ã–∑ –∫–µ—Ä–µ–∫ —Å—Ä–æ—á–Ω–æ 1–∫–æ–º –∫–≤ 3 –∫—ã–∑ –±–æ–ª—ã–ø —Ç—É—Ä–∞–º—ã–∑  –¢–∞–∑–∞ —É–∞–∫—ã–ø—Ç—ã, –æ–ø–ª–∞—Ç–∞–Ω—ã —É–∞–∫—ã—Ç—ã–ª—ã —Ç–æ–ª–µ–π—Ç–∏–Ω –∫—ã–∑ –∫–µ—Ä–µ–∫ –æ–ø–ª–∞—Ç–∞ 65+–∫–æ–º –ê–¥—Ä–µ—Å:–ñ–µ—Ç–∏—Å—É 1 –¥–æ–º 20"
"–ü–ö –ò—â—É –∫—Ä—ã—à—É","1451367329","–ö–µ–ª–µ—Å—ñ –∞–π–¥—ã“£ 1-–Ω–µ–Ω –±–∞—Å—Ç–∞–ø 1 “õ—ã–∑ –∫–µ—Ä–µ–∫. 34000—Ç–≥+–∫–æ–º—É—Å–ª—É–≥–∞ –ê–¥—Ä–µ—Å:–ù—É—Å—É–ø–±–µ–∫–æ–≤–∞ 23/14 –¶–µ–Ω—Ç—Ä–∞–ª—å–Ω—ã–π –∂–µ—Ä, —â–µ–ª—ë–Ω—ã–π –±–∞–∑–∞—Ä –∂–∞“õ—Ç–∞ –§–æ—Ç–æ –ª—á-–∫–∞“ì–∞ –∂—ñ–±–µ—Ä–µ–º 87763302405"
"–ü–ö –ò—â—É –∫—Ä—ã—à—É","1226616250","–ü–æ–¥—Å–µ–ª–µ–Ω–∏–µ–≥–µ 1 “õ—ã–∑ –∫–∞–∂–µ—Ç. –Ü—à–ø–µ–π—Ç—ñ–Ω,—à–µ–∫–ø–µ–π—Ç—ñ–Ω,–∞—Ä—Ç—ã“õ “õ—ã–ª—ã“ì—ã –∂–æ“õ “õ—ã–∑–¥–∞—Ä(”©–∑—ñ–º—ñ–∑–¥–µ —Å–æ–ª–∞–π–º—ã–∑) 2–∫–æ–º–Ω–∞—Ç–∞, 4–∫—ã–∑ –±–æ–ª—ã–ø —Ç—É—Ä–∞–º—ã–∑ –û–ø–ª–∞—Ç–∞ ”ô—Ä –∞–π–¥—ã“£ 23–Ω–µ 62.500—Ç–≥+–∫–æ–º—É—Å–ª—É–≥–∏ –ñ–∫ “Æ—à—Å“±“£“õ–∞—Ä –ê–∫—Å–∞–π-5  –¢–æ–ª—ã“ì—ã—Ä–∞“õ –ª—Å –∏–ª–∏ –≤–∞—Ç—Å–∞–ø“õ–∞ —à—ã“õ—Å–∞–Ω—ã–∑ –±–æ–ª–∞–¥—ã 87475212747"
"–ü–ö –ò—â—É –∫—Ä—ã—à—É","795590970","–∏—â—É –ª–¥–Ω—É –¥–µ–≤—É—à–∫—É –Ω–∞ –ø–æ–¥—Å–µ–ª–µ–Ω–∏–µ ) –æ–ø–ª 50+–∫–æ–º—É—Å –∑–∞–µ–∑–¥ —Å —Å–µ–≥–æ–¥–Ω—è—à–Ω–µ–≥–æ –¥–Ω—è) —á–∏—Å—Ç–æ–ø–ª–æ—Ç–Ω–∞—è, –±–µ–∑ –≤—Ä–µ–¥–Ω—ã—Ö –ø—Ä–∏–≤—ã—á–µ–∫, –ø–ª–∞—Ç–µ–∂–æ—Å–ø–æ—Å–æ–±–Ω–∞—è) –∞–¥—Ä–µ—Å –ñ–∞–º–±—É–ª–∞ –®–∞–≥–∞–±—É—Ç–¥–∏–Ω–æ–≤–∞ 133 —Ä—è–¥–æ–º –µ—Å—Ç—å –í–µ—Å–Ω–æ–≤–∫–∞, –ú–∏—Ä —Ñ–∞–Ω—Ç–∞–∑–∏—è, –ë–∞–π–∫–æ–Ω—ã—Ä –º–µ—Ç—Ä–æ, —Ü–µ–Ω—Ç—Ä —Å—Ç–∞–¥–∏–æ–Ω —Ñ–æ—Ç–æ —Ä–∞ –≤–∞—Ç—Å–∞–ø 87471362015"
"–ü–ö –ò—â—É –∫—Ä—ã—à—É","817520216","–ò—â—É –∏–∑–æ–ª–∏—Ä–æ–≤–∞–Ω–Ω—É—é –∫–æ–º–Ω–∞—Ç—É‚ÅâÔ∏è‚ÅâÔ∏è‚ÅâÔ∏è –Ø –¥–µ–≤—É—à–∫–∞, –ø—Ä–∏–º–µ—Ä–Ω–æ –≤ —Ä–∞–π–æ–Ω–µ –º–µ–∂–¥—É –ê–±–∞—è –†–æ–∑—ã–±–∞–∫–∏–µ–≤–∞ –∏ –ê–±–∞—è –°–µ–π—Ñ—É–ª–ª–∏–Ω–æ–π. –ë—é–¥–∂–µ—Ç –¥–æ 80.000 —Ç–≥ –°–µ–π—á–∞—Å –∑–∞ –≥—Ä–∞–Ω–∏—Ü–µ–π  –ü—Ä–∏–µ–¥—É –≤ –∫–æ–Ω—Ü–µ –∞–≤–≥—É—Å—Ç–∞  –•–æ—Ç–µ–ª–∞ –∑–∞—Ä–∞–Ω–µ–µ –Ω–∞–π—Ç–∏ –∫–≤–∞—Ä—Ç–∏—Ä—É  –ú–æ–∂–µ—Ç–µ –æ—Ç–ø—Ä–∞–≤–∏—Ç—å –≤ –ª–∏—á–∫—É —Ñ–æ—Ç–æ–≥—Ä–∞—Ñ–∏–∏ –∫–≤–∞—Ä—Ç–∏—Ä—ã –ø–æ–∂–∞–ª—É–π—Å—Ç–∞  –ë—É–¥—É —Ä–∞–¥–∞üôÉ"
"–ü–ö –ò—â—É –∫—Ä—ã—à—É","855918054","–Ø –ø–∞—Ä–µ–Ω—å –∏—â—É –∫–≤–∞—Ä—Ç–∏—Ä—É –Ω–∞ –ø–æ–¥—Å–µ–ª–µ–Ω–∏–µ –≤ –ë–æ—Å—Ç–∞–Ω–¥—ã–∫—Å–∫–æ–º —Ä–∞–π–æ–Ω–µ(–Ω–æ —Ä–∞—Å—Å–º–æ—Ç—Ä—é –∏ –¥—Ä—É–≥–∏–µ). –ë–µ–∑ –≤/–ø.–ë—É–¥—É –±–ª–∞–≥–æ–¥–∞—Ä–µ–Ω –∑–∞ –ª—é–±–æ–µ –ø—Ä–µ–¥–ª–æ–∂–µ–Ω–∏—è."
"–ü–ö –ò—â—É –∫—Ä—ã—à—É","519623755","üîîüîîüîîüîîüîîüîîüîîüîîüîîüîîüîîüîîüîî –ò—â–µ–º –æ–¥–Ω—É –∏–ª–∏ 2—Ö —á–∏—Å—Ç–æ–ø–ª–æ—Ç–Ω—É—é, —Ä–∞–±–æ—Ç–∞—é—â—É—é, –∞–¥–µ–∫–≤–∞—Ç–Ω—É—é –¥–µ–≤—É—à–∫—É –ù–ê –ø–æ–¥—Å–µ–ª–µ–Ω–∏–µ –∫ –æ–¥–Ω–æ–π –¥–µ–≤—É—à–∫–µ –≤ 2—Ö –∫–æ–º–Ω–∞—Ç–Ω—É—é –∫–≤–∞—Ä—Ç–∏—Ä—É.  –í–∞—Å –±—É–¥–µ—Ç —Ç—Ä–æ–µ –≤ –æ–¥–Ω–æ–π –∫–æ–º–Ω–∞—Ç–µ.  –ó–∞–µ—Ö–∞—Ç—å –º–æ–∂–Ω–æ —Å 10/07!  –ö–≤–∞—Ä—Ç–∏—Ä–∞ –Ω–∞—Ö–æ–¥–∏—Ç—Å—è –Ω–∞ –°–∞–∏–Ω–∞-–£–ª—É–≥–±–µ–∫–∞ (–ê–∫—Å–∞–π-4), –≤—Å–µ —É—Å–ª–æ–≤–∏—è –¥–ª—è –ø—Ä–æ–∂–∏–≤–∞–Ω–∏—è –µ—Å—Ç—å.  –¶–µ–Ω–∞ 45 000—Ç–≥+–∫–æ–º. —É—Å–ª—É–≥–∏.  –î–µ–ø–æ–∑–∏—Ç 10—Ç—ã—Å.—Ç–≥."
"–ü–ö –ò—â—É –∫—Ä—ã—à—É","885164387","–∏—â–µ–º 2 –¥–µ–≤—É—à–µ–∫ –∫–æ—Ç–æ—Ä—ã–µ –±—É–¥—É—Ç –≤ —Å–µ—Ä–µ–¥–∏–Ω–µ –∞–≤–≥—É—Å—Ç–∞ —Å –Ω–∞–º–∏ –∏—Å–∫–∞—Ç—å –∫–≤–∞—Ä—Ç–∏—Ä—É –∏ —Å–Ω–∏–º–∞—Ç—å –Ω–∞ –¥–æ–ª–≥–æ–µ –≤—Ä–µ–º—èü•π –æ –Ω–∞—Å: –º—ã —Å—Ç—É–¥–µ–Ω—Ç–∫–∏ 3 –∫—É—Ä—Å–∞, –±–µ–∑ –ø–ª–æ—Ö–∏—Ö –ø—Ä–∏–≤—ã—á–µ–∫, –¥–æ–±—Ä–æ–∂–µ–ª–∞—Ç–µ–ª—å–Ω—ã–µ, –Ω–µ –∫–æ–Ω—Ñ–ª–∏–∫—Ç–Ω—ã–µ, —É–≤–∞–∂–∞–µ–º —á—É–∂–∏–µ –≥—Ä–∞–Ω–∏—Ü—ã,–∂–µ–ª–∞—Ç–µ–ª—å–Ω–æ —á—Ç–æ–± –∫–≤–∞—Ä—Ç–∏—Ä–∞ –±—ã–ª–∞ —Ä—è–¥–æ–º —Å —É–Ω–∏–≤–µ—Ä—Å–∏—Ç–µ—Ç–æ–º –ö–∞–∑–≥–∞—Å–∞, –±—é–¥–∂–µ—Ç –¥–æ 65 —Å –∫–∞–∂–¥–æ–π"
"–ü–ö –ò—â—É –∫—Ä—ã—à—É","6749529073","–°–†–û–ß–ù–û –±–∏—Ä–¥–µ–Ω –∫–æ—à–∏–ø –∫–µ–ª—É–≥–µ‚ÄºÔ∏è–ê—Ç–∞–∫–µ–Ω—Ç –∫–∞–∑–Ω—É –∂–∞“õ“õ–∞ –∏–∑–æ–ª–∏—Ä–æ–≤–∞–Ω–Ω–∞—è –∫–æ–º–Ω–∞—Ç–∞“ì–∞¬† –±—ñ—Ä “õ—ã–∑ –∫–µ—Ä–µ–∫.–∫–æ–º–Ω–∞—Ç–∞–¥–∞ –µ–∫—ñ –∫—ã–∑ –±–æ–ª—ã–ø —Ç—É—Ä–∞—Å—ã–∑–¥–∞—Ä –æ–ø–ª–∞—Ç–∞: 52500‚Ç∏+–∫–æ–º—É—Å–ª—É–≥–∞ –ê—Ä—Ç—ã“õ “õ—ã–ª—ã“ì—ã –∂–æ“õ, —ñ—à–ø–µ–π—Ç—ñ–Ω —à–µ–∫–ø–µ–π—Ç—ñ–Ω “õ—ã–∑ –±–æ–ª—Å–∞"
"–ü–ö –ò—â—É –∫—Ä—ã—à—É","1034193138","–ü–æ–¥—Å–µ–ª–µ–Ω–∏–µ–≥–µ 2 –∫—ã–∑ –∫–µ—Ä–µ–∫ –ñ—É–±–∞–Ω–æ–≤–∞ –ê–ª—Ç—ã–Ω—Å–∞—Ä–∏–Ω–∞  –û–ø–ª–∞—Ç–∞ 40–∫ –ò–∑–æ–ª–∏—Ä–æ–≤–∞–Ω–Ω–∞—è –∫–æ–º–Ω–∞—Ç–∞(–∑–∞–∫—Ä—ã–≤–∞–µ—Ç—Å—è –Ω–∞ –∫–ª—é—á) –ú–æ—Å–∫–≤–∞, –≥—Ä–∞–Ω–¥ –ø–∞—Ä–∫ –∂–∞–Ω—ã–Ω–¥–∞"
"–ü–ö –ò—â—É –∫—Ä—ã—à—É","6028521159","–ê–∫—Å–∞–π 1 –¥–µ –∫–≤ 2–±–∞–ª–∞ –∫–µ—Ä–µ–∫ –∞–¥–∞–º –±–∞—Å—ã–Ω–∞ 50000 –ù–∞–Ω –±–∞—Ä–ª—ã–∫ —É—Å–ª–æ–≤–∏—è –∂–∞—Å–∞–ª–≥–∞–Ω 3–±–æ–ª–º–µ–ª–∏ –∫–≤–∞—Ä—Ç–∏—Ä–∞"
"–ü–ö –ò—â—É –∫—Ä—ã—à—É","1019550320","–ò—â–µ–º –¥–≤–µ –¥–µ–≤—É—à–∫—É –∏–ª–∏ –ø–∞—Ä–Ω—è –Ω–∞ –ø–æ–¥—Å–µ–ª–µ–Ω–∏–µ –±–µ–∑ —Ö–æ–∑—è–π–∫–∏ –∫–≤–∞—Ä—Ç–∏—Ä–∞ –Ω–æ–≤–∞—è 3 –∫–æ–º–Ω–∞—Ç–Ω—ã–π —Ç–∏—Ö–∏–π –¥–≤–æ—Ä –±—É–¥–µ–º –∂–∏—Ç—å –≤—á–µ—Ç–≤–µ—Ä–æ–º 50—Ç—ã—Å –∞–¥—Ä–µ—Å –ö–µ–Ω–µ—Å–∞—Ä—ã —Ö–∞–Ω–∞ 54/29"
"–ü–ö –ò—â—É –∫—Ä—ã—à—É","6525695601","—Å—Ä–æ—á–Ω–æ –±—É–≥–Ω –∫–æ—à–ø –±–∞—Ä–∞–º—ã–∑ –µ–∫—ã –∫—ã–∑ –∂—É–º—Å —Å—Ç–∏–º–∑ –∞—Ä—Ç—ã–∫ –∫—ã–ª—ã–∫ –∂–æ–∫ –∏–∑–æ–ª–∏—Ä–æ–≤–∞–Ω–Ω—ã–π –∫–æ–º –≥–∞"
"–ü–ö –ò—â—É –∫—Ä—ã—à—É","1476318674","–°–¥–∞–¥–∏–º –Ω–∞ –ø–æ–¥—Å–µ–ª–µ–Ω–∏–µ 1 –∫–æ–º–Ω–∞—Ç—É –≤ 3-—É—Ö –∫–æ–º–Ω–∞—Ç–Ω–æ–π –∫–≤–∞—Ä—Ç–∏—Ä–µ 2 –¥–µ–≤—É—à–∫–∞–º –∏–ª–∏ 1 –¥–µ–≤—É—à–∫–µ(–ø–∞—Ä–Ω–µ–π –∏ —Å–µ–º–µ–π–Ω—ã—Ö –ø—Ä–æ—Å–∏–º –Ω–µ –±–µ—Å–ø–æ–∫–æ–∏—Ç—å). –ó–∞ 100 —Ç—ã—Å. —É–ª. –¢–æ–ª–µ –±–∏ - –ì–∞–≥–∞—Ä–∏–Ω–∞ ,  —Ä—è–¥–æ–º –µ—Å—Ç—å –ø–∞—Ä–∫ –ì–∞–≥–∞—Ä–∏–Ω–∞, –ú–∞–≥–Ω—É–º, —Ä—ã–Ω–æ–∫ –¢–∞—Å—Ç–∞–∫.  –ù–∞–ø–∏—à–∏—Ç–µ –Ω–∞ WhatsApp  –ù–æ–º–µ—Ä: 87025515064"
"–ü–ö –ò—â—É –∫—Ä—ã—à—É","6749529073","–°–†–û–ß–ù–û‚ÄºÔ∏è–ê—Ç–∞–∫–µ–Ω—Ç –∫–∞–∑–Ω—É –∂–∞“õ“õ–∞ –∏–∑–æ–ª–∏—Ä–æ–≤–∞–Ω–Ω–∞—è –∫–æ–º–Ω–∞—Ç–∞“ì–∞¬† –±—ñ—Ä “õ—ã–∑ –∫–µ—Ä–µ–∫.–∫–æ–º–Ω–∞—Ç–∞–¥–∞ –µ–∫—ñ –∫—ã–∑ –±–æ–ª—ã–ø —Ç—É—Ä–∞—Å—ã–∑–¥–∞—Ä  –æ–ø–ª–∞—Ç–∞: 52500‚Ç∏+–∫–æ–º—É—Å–ª—É–≥–∞ –ê—Ä—Ç—ã“õ “õ—ã–ª—ã“ì—ã –∂–æ“õ, —ñ—à–ø–µ–π—Ç—ñ–Ω —à–µ–∫–ø–µ–π—Ç—ñ–Ω “õ—ã–∑ –±–æ–ª—Å–∞"
"–ü–ö –ò—â—É –∫—Ä—ã—à—É","833667259","–ò—â–µ–º –Ω–∞ –ø–æ–¥—Å–µ–ª–µ–Ω–∏–µ 1 –¥–µ–≤—É—à–∫—É, –Ω–∞ –¥–æ–ª–≥–∏–π —Å—Ä–æ–∫ –≤ –∫–æ–º–Ω–∞—Ç—É —Å –±–∞–ª–∫–æ–Ω–æ–º –í –∫–≤–∞—Ä—Ç–∏—Ä–µ –µ—Å—Ç—å –≤—Å–µ —É–¥–æ–±—Å—Ç–≤–∞ –¥–ª—è –ø—Ä–æ–∂–∏–≤–∞–Ω–∏–µ –ö–≤–∞—Ä—Ç–∏—Ä–∞ –Ω–∞—Ö–æ–¥–∏—Ç—Å—è –≤ –∞—É—ç–∑–æ–≤—Å–µ–æ–∏ —Ä–∞–π–æ–Ω–µ –ê–∫—Å–∞–π 3  –í –º–µ—Å—è—Ü 60–∫"
"–ü–ö –ò—â—É –∫—Ä—ã—à—É","1119389939","–ò—â–µ–º –∫–≤–∞—Ä—Ç–∏—Ä—É –∏–ª–∏ –∫–æ–º–Ω–∞—Ç—É –¥–ª—è —Å–µ–º–µ–π–Ω–æ–π –ø–∞—Ä—ã, –Ω–∞–º 21-23 –≥–æ–¥–∞. –ë—é–¥–∂–µ—Ç –¥–æ 110 –∫"
"–ü–ö –ò—â—É –∫—Ä—ã—à—É","923624112","–°–¥–∞–º –∫–æ–º–Ω–∞—Ç—É –¥–≤—É–º –∏–ª–∏ –æ–¥–Ω–æ–º—É –ø–∞—Ä–Ω—é, –≤ –∫–æ–º–Ω–∞—Ç–µ –∫–æ–Ω–¥–∏—Ü–∏–æ–Ω–µ—Ä,—á–∏—Å—Ç–æ–ø–ª–æ—Ç–Ω—ã–º –∏ –ø–ª–∞—Ç–µ–∂–µ—Å–ø–æ—Å–æ–±–Ω—ã–º, –Ω–∞—Ö–æ–¥–∏—Ç—Å—è 8 –º–∏–∫—Ä–æ—Ä–∞–π–æ–Ω, —Ä—è–¥–æ–º –º–µ—Ç—Ä–æ –ú–æ—Å–∫–≤–∞, –≤—Å–µ –Ω–µ–æ–±—Ö–æ–¥–∏–º–æ–µ –µ—Å—Ç—å –≤ –∫–≤–∞—Ä—Ç–∏—Ä–µ, –æ–ø–ª–∞—Ç–∞ 60+ –∫–æ–º–º—É–Ω–∞–ª—å–Ω—ã–µ, —Å –∫–∞–∂–¥–æ–≥–æ –¥–µ–ø–æ–∑–∏—Ç +77075300964 –ø–∏—Å–∞—Ç—å –≤–∞—Å—Å–∞–ø"
"–ü–ö –ò—â—É –∫—Ä—ã—à—É","1606305789","–°–∞–ª–∞–º–∞—Ç—Å—ã–∑–¥–∞—Ä–º–∞! –°–†–û–ß–ù–ê –ø–æ–¥—Å–µ–ª–µ–Ω–∏–µ–≥–µ 1 “õ—ã–∑ –∫–µ—Ä–µ–∫.–ì–ª–∞–≤–Ω—ã–π –æ–ø–ª–∞—Ç–∞ —É–∞“õ—ã—Ç—ã–ª—ã —Ç”©–ª–µ–π –∞–ª–∞—Ç—ã–Ω “õ—ã–∑ –±–æ–ª—Å–∞! –ñ–∞—Å –∞—Ä–∞–ª—ã“ì—ã 18-23 –ë“Ø–≥—ñ–Ω –µ—Ä—Ç–µ“£ –∫”©—à—ñ–ø –∫–µ–ª—É—ñ –∫–µ—Ä–µ–∫.–°—ñ–∑ —Ç“±—Ä–∞—Ç—ã–Ω –±”©–ª–º–µ –∫–µ“£, “õ–∞–∑—ñ—Ä 2 “õ—ã–∑ –±–∞—Ä, –æ—Å—ã –±”©–ª–º–µ–¥–µ —Å—ñ–∑–±–µ–Ω 3 “õ—ã–∑ –±–æ–ª—ã–ø —Ç“±—Ä–∞—Å—ã–∑–¥–∞—Ä!  –û–ø–ª–∞—Ç–∞:”ò—Ä –∞–π–¥—ã“£ 19-20—Å—ã . –ê–¥–∞–º –±–∞—Å—ã–Ω–∞ 36.000 —Ç–≥ + –∫–æ–º—É—Å–ª—É–≥–∞.  –ê–¥—Ä–µ—Å:8-–π –º–∏–∫—Ä–æ—Ä–∞–π–æ–Ω,4, (–¢—Ä—Ü –ú–æ—Å–∫–≤–∞ –∂–∞“õ—Ç–∞)"
"–ü–ö –ò—â—É –∫—Ä—ã—à—É","6479831032","–ö—Ç–æ –∏—â–µ—Ç –Ω–∞ –ø–æ–¥—Å–µ–ª–µ–Ω–∏–µ –∫–æ–º–Ω–∞—Ç—É –∏–ª–∏ —á–µ–ª–æ–≤–µ–∫–∞ —Å –∫–µ–º —Å–Ω–∏–º–∞—Ç—å –≤–º–µ—Å—Ç–µ, –µ—Å—Ç—å —Ç–µ–ª–µ–≥—Ä–∞–º –±–æ—Ç –¥–ª—è –ø–æ–∏—Å–∫–∞ –∫–æ–º–Ω–∞—Ç –∏ –ª—é–¥–µ–π –Ω–∞ –ø–æ–¥—Å–µ–ª–µ–Ω–∏–µ –≤ –∞–ª–º–∞—Ç—ã, —É–¥–æ–±–Ω–æ –Ω–∞–ø—Ä–∏–º–µ—Ä –¥–µ–≤—É—à–∫–∞–º, –µ—Å–ª–∏ –∏—â–∏—Ç–µ —Ç–æ–ª—å–∫–æ –¥–µ–≤—É—à–µ–∫ –Ω–∞ –ø–æ–¥—Å–µ–ª–µ–Ω–∏–µ!   –°—Å—ã–ª–∫—É –º–æ–≥—É —Å–∫–∏–Ω—É—Ç—å –≤ –õ–° –∏–ª–∏ –≤ –º–æ–µ–º –ø—Ä–æ—Ñ–∏–ª–µ –ø–æ—Å–º–æ—Ç—Ä–µ—Ç—å –º–æ–∂–µ—Ç–µ, –∫–æ–º—É –∏–Ω—Ç–µ—Ä–µ—Å–Ω–æ üòò"
"–ü–ö –ò—â—É –∫—Ä—ã—à—É","451765225","–ò—â–µ–º –æ–¥–Ω—É –¥–µ–≤—É—à–∫—É –Ω–∞ –ø–æ–¥—Å–µ–ª–µ–Ω–∏–µü©∑ –ó–∞—Å–µ–ª–µ–Ω–∏–µ –≤ –ª—é–±–æ–µ –≤—Ä–µ–º—è –ñ–∏—Ç—å –±—É–¥–µ–º –≤—Ç—Ä–æ–µ–º, –∫–≤–∞—Ä—Ç–∏—Ä–∞ 2—Ö –∫–æ–º–Ω–∞—Ç–Ω–∞—è  –ê–¥—Ä–µ—Å-–ñ–ö –ê–ª—Ç—ã–Ω –±—É–ª–∞–∫(–¢–∏—Ç–∞–Ω–∏–∫), –≤–æ–∑–ª–µ –ñ–ö –ú–∞–Ω—Ö—ç—Ç—Ç—ç–Ω –ö–≤–∞—Ä—Ç–∏—Ä–∞ –≤ –æ—á–µ–Ω—å —É–¥–æ–±–Ω–æ–º —Ä–∞—Å–ø–æ–ª–æ–∂–µ–Ω–∏–∏ –≥–æ—Ä–æ–¥–∞, —Ä—è–¥–æ–º –≤—Å–µ —É–¥–æ–±—Å—Ç–≤–∞, —Ç—Ä—Ü ADK, –º–µ—Ç—Ä–æ, –º–∞–≥–Ω—É–º, –Ω–∞ —Ü–æ–∫–æ–ª—å–Ω–æ–º —ç—Ç–∞–∂–µ —Å–∞–ª–æ–Ω—ã, –º–∞–≥–∞–∑–∏–Ω—ã –ö–≤–∞—Ä—Ç–∏—Ä–∞ –ø—Ä–æ—Å—Ç–æ—Ä–Ω–∞—è, –≤—Å—è –±—ã—Ç–æ–≤–∞—è —Ç–µ—Ö–Ω–∏–∫–∞ –µ—Å—Ç—å, wi-fi, –∏–Ω–¥—É–∫—Ü–∏–æ–Ω–Ω–∞—è –ø–ª–∏—Ç–∞, —Å–º–∞—Ä—Ç —Ç–µ–ª–µ–≤–∏–∑–æ—Ä  –û–ø–ª–∞—Ç–∞ 83–ö (–∫–æ–º–º—É–Ω–∞–ª—å–Ω—ã–µ –≤—Ö–æ–¥—è—Ç –≤ —Å—É–º–º—É) –î–µ–ø–æ–∑–∏—Ç 30–ö –≤–æ–∑–≤—Ä–∞—Ç–Ω—ã–π  –ü–∏—à–∏—Ç–µ, –æ—Ç–ø—Ä–∞–≤–ª—é –≤—Å–µ –≤–∏–¥–µ–æ, —Ñ–æ—Ç–æ–≥—Ä–∞—Ñ–∏–∏ü´∂üèº"
"–ü–ö –ò—â—É –∫—Ä—ã—à—É","949561716","–ù–ê–†–•–û–ó. –°–¢–†–û–ò–¢–ï–õ–¨–ù–´–ô –ê–ö–ê–î–ï–ú–ò–Ø –ö–ê–ó–ù–£    –ñ–ê–ö–´–ù.    –°–ü–£–¢–ù–ò–ö –õ–Æ–ú–ò–†.  40 000  üíéüíéüíéüíéüíéüíéüíéüíéüíé  –ï–∫–∏ –∫—ã–∑ –∫–µ—Ä–µ–∫...    –ë–∏—Ä¬† –±–æ–æ–º–µ–≥–∫  –°–ø–∞–ª—å–Ω—è–≥–∞ 2 –∫—ã–∑ –∫–µ—Ä–µ–∫.  –°—Ä–æ—á–Ω–æ...   –ò–∑–æ–ª–∏—Ä–∫–∞¬† –±–æ–ª–º–µ.¬† –¢–æ—Å–µ–∫ –∞–π–Ω–∞ —à–∫–∞—Ñ –±–æ—Ä–∏ –±–∞—Ä.¬†    –ú–∞–º—ã—Ä 4 –¥–æ–º 30.   –®–∞–ª—è–ø–∏–Ω–∞ –°–∞–π–Ω–∞. +77473877753"
"–ü–ö –ò—â—É –∫—Ä—ã—à—É","1034193138","–ü–æ–¥—Å–µ–ª–µ–Ω–∏–µ–≥–µ 2 –∫—ã–∑ –∫–µ—Ä–µ–∫.  –ë—É–≥—ã–Ω –∫–æ—à—ã–ø –∫–µ–ª–µ—Ç—ã–Ω –ò–∑–æ–ª–∏—Ä–æ–≤–∞–Ω–Ω–∞—è –∫–æ–º–Ω–∞—Ç–∞ –û–ø–ª–∞—Ç–∞ 40–ö –ê–ª—Ç—ã–Ω—Å–∞—Ä–∏–Ω–∞ –ñ—É–±–∞–Ω–æ–≤–∞ –ú–æ—Å–∫–≤–∞, –≥—Ä–∞–Ω–¥ –ø–∞—Ä–∫ –∂–∞–Ω—ã–Ω–¥–∞ —Ç—É—Ä–∞"
"–ü–ö –ò—â—É –∫—Ä—ã—à—É","682201249","–ò—â–µ–º –æ–¥–Ω—É –¥–µ–≤—É—à–∫—É –Ω–∞ –ø–æ–¥—Å–µ–ª–µ–Ω–∏–µ  –ó–∞—Å–µ–ª–µ–Ω–∏–µ 1-–æ–≥–æ —á–∏—Å–ª–∞ –ö–≤ 2—Ö –∫–æ–º–Ω–∞—Ç–Ω–∞—è, —Å –≤–∞–º–∏ 4 –¥–µ–≤—É—à–µ–∫  –ê–¥—Ä–µ—Å: –ñ–∞–Ω–¥–æ—Å–æ–≤–∞/–†–∞–¥–æ—Å—Ç–æ–≤—Ü–∞, —Ä—è–¥–æ–º —Å –º–µ—á–µ—Ç—å –ë–∞–π–∫–µ–Ω  –û–ø–ª–∞—Ç–∞ 62,5 –∫, –¥–µ–ø–æ–∑–∏—Ç –Ω–µ—Ç   –§–æ—Ç–æ, –≤–∏–¥–µ–æ –æ—Ç–ø—Ä–∞–≤–ª—é –≤ –ª—Å)"
"–ü–ö –ò—â—É –∫—Ä—ã—à—É","840802091","–í—Å–µ–º –ø—Ä–∏–≤–µ—Ç  ‚úÖ –∏—â—É –¥–µ–≤—É—à–∫—É üôãüèª‚Äç‚ôÄÔ∏è –Ω–∞ –ø–æ–¥—Å–µ–ª–µ–Ω–∏–µ —Ä—è–¥–æ–º —Å–æ –º–Ω–æ–π ‚úÖ 3-—Ö –∫–æ–º–Ω–∞—Ç–Ω–∞—è –∫–≤–∞—Ä—Ç–∏—Ä–∞  ‚úÖ –æ–±—â–µ–µ –∫–æ–ª–∏—á–µ—Å—Ç–≤–æ –ª—é–¥–µ–π: 5  ‚úÖ –∂–∏–≤–µ–º —Å –º–∞–ª—å—á–∏–∫–∞–º–∏  ‚úÖ –ê–ª—å-–§–∞—Ä–∞–±–∏ –®–∞—à–∫–∏–Ω–∞ (–Ω–∞–ø—Ä–æ—Ç–∏–≤ –ï—Å–µ–Ω—Ç–∞–π –ú–æ–ª–ª)  ‚úÖ 70–∫ –≤ –º–µ—Å—è—Ü+–∫–æ–º–º.—É—Å–ª—É–≥–∏ ‚úÖ –≤—Å–µ —É—Å–ª–æ–≤–∏—è –¥–ª—è –∂–∏–∑–Ω–∏ –∏–º–µ—é—Ç—Å—è  ‚úÖ –µ—Å—Ç—å –≤–∞–π—Ñ–∞–π, –≤—Ö–æ–¥–∏—Ç –≤ —Å—Ç–æ–∏–º–æ—Å—Ç—å –∫–≤–∞—Ä—Ç–ø–ª–∞—Ç—ã  ‚úÖ–º–æ–∂–Ω–æ –≤ —ç—Ç–∏ –≤—ã—Ö–æ–¥–Ω—ã–µ –∑–∞—Å–µ–ª–∏—Ç—å—Å—è  –°–ü–ê–°–ò–ë–û –ó–ê –í–ù–ò–ú–ê–ù–ò–ï"
"–ü–ö –ò—â—É –∫—Ä—ã—à—É","795590970","—Å—Ä–æ—á–Ω–æ –ø–æ–¥—Å–µ–ª–µ–Ω–∏–µ–≥–µ 1 “õ—ã–∑ –∫–µ—Ä–µ–∫ ) –æ–ø–ª 50+–∫–æ–º—É—Å –∑–∞–µ–∑–¥ –±“Ø–≥—ñ–Ω–Ω–µ–Ω –±–∞—Å—Ç–∞–ø –∞–¥—Ä–µ—Å –ñ–∞–º–±—É–ª–∞ –®–∞–≥–∞–±—É—Ç–¥–∏–Ω–æ–≤–∞ 133 ( —Ä—è–¥–æ–º –ë–∞–π–∫–æ–Ω—ã—Ä, —Ü–µ–Ω—Ç—Ä —Å—Ç–∞–¥–∏–æ–Ω, –ú–∏—Ä –§–∞–Ω—Ç–∞–∑–∏—è –ø–∞—Ä–∫, –í–µ—Å–Ω–æ–≤–∫–∞) —Ç–æ–ª—ã“õ –∏–Ω—Ñ–æ –Ω–∞ –≤–∞—Ç—Å–∞–ø 87471362015"
"–ü–ö –ò—â—É –∫—Ä—ã—à—É","6749529073","–°–†–û–ß–ù–û‚ÄºÔ∏è–ê—Ç–∞–∫–µ–Ω—Ç –∫–∞–∑–Ω—É –∂–∞“õ“õ–∞ –∏–∑–æ–ª–∏—Ä–æ–≤–∞–Ω–Ω–∞—è –∫–æ–º–Ω–∞—Ç–∞“ì–∞¬† –µ–∫—ñ “õ—ã–∑ –∫–µ—Ä–µ–∫.  ”ò—Ä“õ–∞–π—Å—ã–Ω–∞ –æ–ø–ª–∞—Ç–∞: 52500‚Ç∏+–∫–æ–º—É—Å–ª—É–≥–∞ –ê—Ä—Ç—ã“õ “õ—ã–ª—ã“ì—ã –∂–æ“õ, —ñ—à–ø–µ–π—Ç—ñ–Ω —à–µ–∫–ø–µ–π—Ç—ñ–Ω “õ—ã–∑–¥–∞—Ä –±–æ–ª—Å–∞"
"–ü–ö –ò—â—É –∫—Ä—ã—à—É","607115288","–í—Å–µ–º –ø—Ä–∏–≤–µ—Ç ! –ò—â–µ–º 1 –¥–µ–≤—É—à–∫—É –Ω–∞ –ø–æ–¥—Å–µ–ª–µ–Ω–∏–µ  2 –∫–æ–º –∫–≤–∞—Ä—Ç–∏—Ä–∞  –û–ø–ª–∞—Ç–∞-60–∫ –∫–æ–º—É—Å–ª—É–≥–∞ –≤–Ω—É—Ç—Ä–∏  –î–æ–º–∞ –≤—Å–µ  –µ—Å—Ç—å  –ü–æ –∫–∞–∂–¥–æ–π –∫–æ–º–Ω–∞—Ç–µ 2 –¥–µ–≤–æ—á–∫–∏  –ê–¥—Ä–µ—Å –û—Ä–±–∏—Ç–∞-4  –í—Å–µ –≤–æ–ø—Ä–æ—Å—ã –≤ –ª—Å)"
"–ü–ö –ò—â—É –∫—Ä—ã—à—É","7005590508","–ñ–∞–Ω—ã–º–∞ –µ–∫—ñ –∞–π —Ç“±—Ä—É“ì–∞ –∞–¥–∞–º –∞–ª–∞–º—ã–Ω, “õ—ã–∑ –±–∞–ª–∞ —Ä–∞–∑–Ω–∏—Ü–∞ –∂–æ“õ. 3  —ç—Ç–∞–∂ –∫–æ—Ç—Ç–µ–¥–∂,  —Ç”©—Å–µ–∫ –±–∞—Ä. –û–ø–ª–∞—Ç–∞ 75 –º—ã–Ω —Å–æ–Ω—ã –ø–æ–ø–∞–ª–∞–º –±”©–ª–µ–º—ñ–∑. –ê–¥—Ä–µ—Å –®–∞–ª—è–ø–∏–Ω–∞ –Ø—Å—Å–∞—É–∏. –†–∞–π–æ–Ω —Ç—ã–Ω—ã—à, —ç–ª–∏—Ç–Ω—ã–π –∫–æ—Ç—Ç–µ–¥–∂–Ω—ã–π —Ä–∞–π–æ–Ω. –¢–∏–ø –æ–±—â–∞–≥–∞, –¥—É—à —Ç—É–∞–ª–µ—Ç –±–∞—Ä."
"SDU [housing]","6724822108","–ò—â–µ–º –¥–µ–≤—É—à–∫—É –Ω–∞ –ø–æ–¥—Å–µ–ª–µ–Ω–∏–µ ,–±–µ–∑ –≤—Ä–µ–¥–Ω—ã—Ö –ø—Ä–∏–≤—ã—á–µ–∫,–Ω–µ —à—É–º–Ω—É—é ,—á–∏—Å—Ç–æ–ø–ª–æ—Ç–Ω—É—é ,—Å–≤–æ–µ–≤—Ä–µ–º–µ–Ω–Ω—É—é –æ–ø–ª–∞—Ç—É ,–Ω–∞ –ú—É—Ä–∞—Ç–±–∞–µ–≤–∞ –ñ–∏–±–µ–∫ –∂–æ–ª—ã ,37000+–∫–æ–º —É—Å–ª.–ø–æ –æ—Å—Ç–∞–ª—å–Ω—ã–º –≤–æ–ø—Ä–æ—Å–∞–º  –ü–∏—à–∏—Ç–µ –Ω–∞ –≤–∞—Ç—Å–∞–ø  87475637134  WhatsApp:wa.me/7475637134"
"SDU [housing]","569712752","–°–î–£“ì–∞ ”©—Ç–µ –∂–∞“õ—ã–Ω –∂–µ—Ä–¥–µ –æ—Ä–Ω–∞–ª–∞—Å“õ–∞–Ω  –ö–≤ –∂–∞–ª“ì–∞ –±–µ—Ä—ñ–ª–µ–¥—ñ  –ï—Ä–∂—ñ–≥—ñ—Ç—Ç–µ—Ä–≥–µ    –ë–∞—Ä–ª—ã“õ –∂–∞“ì–¥–∞–π –∂–∞—Å–∞–ª“ì–∞–Ω,  –ö–µ—Ä–µ–∫—Ç—ñ “õ“±—Ä–∞–ª-–∂–∞–±–¥—ã“õ—Ç–∞—Ä —Ç–æ–ª—ã“ì—ã–º–µ–Ω –±–∞—Ä –ñ–∞“£–∞, —Ç–∞–∑–∞, —Ç—ã–Ω—ã—à.  –¢–∞–ª–∞–ø—Ç–∞—Ä—ã“£—ã–∑ –±–µ–Ω “õ–∞–∂–µ—Ç—Ç—ñ–ª—ñ–∫—Ç–µ—Ä—ñ“£—ñ–∑–¥—ñ –µ—Å–∫–µ—Ä–µ–º—ñ–∑.  –ë–∞—Ä–ª—ã“õ —Å“±—Ä–∞“õ—Ç–∞—Ä—ã“£—ã–∑ –±–æ–π—ã–Ω—à–∞ –æ—Å—ã  wa.me/77089500897 WhatsApp  https://t.me/87089500897 Telegram  –ù–æ–º–µ—Ä–≥–µ —Ö–∞–±–∞—Ä–ª–∞—Å—ã“£—ã–∑"
"SDU [housing]","556390193","üìç –ê–ª–º–∞—Ç—ã  –ò—â–µ–º 1 –ø–∞—Ä–Ω—è –Ω–∞ –ø–æ–¥—Å–µ–ª–µ–Ω–∏–µ –ø–æ –∞–¥—Ä–µ—Å—É –ê–±–∞—è / –£—Ç–µ–≥–µ–Ω –ë–∞—Ç—ã—Ä–∞   @imolzhas"
"SDU [housing]","884655560","–°–¥—É–¥—ã–Ω –∫–∞—Å—ã–Ω–¥–∞ –∫–≤–∞—Ä—Ç–∏—Ä–∞–≥–∞ –ø–æ–¥—Å–µ–ª–µ–Ω–∏–µ –±–∞—Ä–∞–º—ã–Ω. 24 –∏—é–Ω—å 5 –∞–≤–≥—É—Å—Ç –∞—Ä–∞—Å—ã–Ω–¥–∞. –í–∞—Ç—Å–∞–ø +77752756572"
"SDU [housing]","948180372","–ò—â–µ–º –æ–¥–Ω—É –¥–µ–≤—É—à–∫—É –Ω–∞ –ø–æ–¥—Å–µ–ª–µ–Ω–∏–µ. –ê–¥—Ä–µ—Å: –°–∞–∏–Ω–∞/–®–∞–ª—è–ø–∏–Ω–∞. –û–ø–ª–∞—Ç–∞ —Å –∫–∞–∂–¥–æ–π 48000+–∫–æ–º—É—Å–ª—É–≥–∏ –ó–∞ —Ñ–æ—Ç–æ–≥—Ä–∞—Ñ–∏—è–º–∏ –≤ –ª—Å"
"SDU [housing]","840146543","–ù–∞ 1 –∏—é–ª—è –∏—â–µ–º 1 –¥–µ–≤—É—à–∫—É –Ω–∞ –ø–æ–¥—Å–µ–ª–µ–Ω–∏–µ (–≤—Å–µ–≥–æ –±—É–¥—É—Ç –∂–∏—Ç—å 4 –¥–µ–≤—É—à–∫–∏ –≤–∫–ª—é—á–∞—è –≤–∞—Å)  –ö–≤–∞—Ä—Ç–∏—Ä–∞ –ø—Ä–æ—Å—Ç–æ—Ä–Ω–∞—è (75–º^–∫–≤), –¥–≤—É—Ö–∫–æ–º–Ω–∞—Ç–Ω–∞—è, –µ—Å—Ç—å 2 –±–∞–ª–∫–æ–Ω–∞, —Å–∞–Ω—É–∑–µ–ª —Ä–∞–∑–¥–µ–ª—å–Ω—ã–π,–∫—É—Ö–Ω—è –±–æ–ª—å—à–∞—è, –∏–º–µ–µ—Ç—Å—è –≤—Å–µ –¥–ª—è –ø—Ä–æ–∂–∏–≤–∞–Ω–∏—è  –í—Å–µ –¥–µ–≤–æ—á–∫–∏ —Å–ø–æ–∫–æ–π–Ω—ã–µ, —á–∏—Å—Ç–æ–ø–ª–æ—Ç–Ω—ã–µ, –±–µ–∑ –≤—Ä–µ–¥–Ω—ã—Ö –ø—Ä–∏–≤—ã—á–µ–∫.   –û–ø–ª–∞—Ç–∞ 58–∫ + –∫–æ–º–º—ã  –î–ª—è —Ñ–æ—Ç–æ –∏ –ø–æ–¥—Ä–æ–±–Ω–æ–π –∏–Ω—Ñ–æ—Ä–º–∞—Ü–∏–∏ –ø–∏—à–∏—Ç–µ –≤ –ª—Å"
"SDU [housing]","6724822108","–ó–¥—Ä–∞–≤—Å—Ç–≤—É–π—Ç–µ –¥–µ–≤—É—à–∫–∏,–∫–≤–∞—Ä—Ç–∏—Ä–∞ –Ω–∞—Ö–æ–¥–∏—Ç—Å—è –≤ —Ü–µ–Ω—Ç—Ä–µ. –†–ê–ô–û–ù –ñ–ò–ë–ï–ö –ñ–û–õ–´.–ù—É–∂–Ω—ã –¥–≤–µ –¥–µ–≤—É—à–∫–∏ –≤ –∑–∞–ª,–ª–∏–±–æ –≤ –ß–µ—Ä–Ω—É—é —Å–ø–∞–ª—å–Ω—é,–≤ –ò–ó–û–õ–ò–†–û–í–ê–ù–ù–£–Æ –ö–û–ú–ù–ê–¢–£  –∫–æ–º–Ω–∞—Ç—É,—á–µ—Ä–Ω–∞—è –∑–∞–∫—Ä—ã–≤–∞–µ—Ç—Å—è –Ω–∞ –∫–ª—é—á,—Ç—Ä–µ—Ö –∫–æ–º–Ω–∞—Ç–Ω–∞—è –∫–≤–∞—Ä—Ç–∏—Ä–∞,–≤ –∑–∞–ª–µ —Ç–µ–ª–µ–≤–∏–∑–æ—Ä,–∫–æ–Ω–¥–µ—Ä –±–∞–ª–∫–æ–Ω,–≤—Å–µ –≤—Å–µ –∏–º–µ–µ—Ç—Å—è. –ü–æ –æ–ø–ª–∞—Ç–µ —Å –∫–∞–∂–¥–æ–π 75+ –∫–æ–º–º —É—Å–ª—É–≥–∏.–°–º–æ–∂–µ—Ç–µ –∑–∞–µ—Ö–∞—Ç—å —Å—Ä–∞–∑—É —Å –≤–µ—â–∞–º–∏,–ª–∏–±–æ –æ–ø–ª–∞—Ç–∏—Ç—å –∞ –ø–æ—Ç–æ–º —Å–ø–æ–∫–æ–π–Ω–æ –ø–µ—Ä–µ–µ—Ö–∞—Ç—å. 87083916305  WhatsApp:wa.me/7083916305"
"SDU [housing]","1191567347","‚ÄºÔ∏è–°—Ä–æ—á–Ω–æ 1 “õ—ã–∑ –∫–µ—Ä–µ–∫ ‚ÄºÔ∏è “ö–∞–∑—ñ—Ä–¥–µ–Ω –±–∞—Å—Ç–∞–ø  –∫–µ–ª—ñ–ø —Ç“±—Ä–∞ –±–µ—Ä—É–≥–µ –±–æ–ª–∞–¥—ã 3-–∞–π –∂–∞–∑ –±–æ–π—ã —Ç“±—Ä—É“ì–∞ –±–æ–ª–∞–¥—ã –∏ –¥–∞–ª—å—à–µ —Ç–æ–∂–µ –ê–¥—Ä–µ—Å:–ñ–∫ –Ω—É—Ä–ª—ã –¥–∞–ª–∞ –Ω–∞–ø—Ä–æ—Ç–∏–≤ –ê–ø–æ—Ä—Ç –ù–µ –∫–æ–Ω—Ñ–ª–∏–∫—Ç–Ω–∞—è ,—á–∏—Å—Ç–æ–ø–ª–æ—Ç–Ω–∞—è  50–∫+–∫–æ–º–º.—É—Å–ª—É–≥ —É–∞–π —Ñ–∞–π –±–∞—Ä –ë–∞—Å“õ–∞ —Å“±—Ä–∞“õ—Ç–∞—Ä –±–æ–π—ã–Ω—à–∞ –ª—Å"
"SDU [housing]","409110999","‚ÄºÔ∏è –°–†–û–ß–ù–û ‚ÄºÔ∏è –ó–∞—Å–µ–ª–µ–Ω–∏–µ –∫–∞–∫ –º–æ–∂–Ω–æ —Å–∫–æ—Ä–µ–µ –ò—â–µ–º –Ω–∞ –ø–æ–¥—Å–µ–ª–µ–Ω–∏–µ 1 –ø–∞—Ä–Ω—è –≤ –¥–≤—É—Ö–∫–æ–º–Ω–∞—Ç–Ω—É—é –∫–≤–∞—Ä—Ç–∏—Ä—É –ê–¥—Ä–µ—Å: –ê—É—ç–∑–æ–≤—Å–∫–∏–π —Ä–∞–π–æ–Ω, 2–º–∫—Ä.    –¶–µ–Ω–∞: 58–∫ + –∫–æ–º—É—Å–ª—É–≥–∏  –í –∫–≤–∞—Ä—Ç–∏—Ä–µ –≤—Å—è —Ç–µ—Ö–Ω–∏–∫–∞ –µ—Å—Ç—å –∏ —Ä–∞–±–æ—á–∞—è –†–∞—Å–ø–æ–ª–æ–∂–µ–Ω–∏–µ –∫–≤ –æ—á–µ–Ω—å —É–¥–æ–±–Ω–æ–µ, –º–æ–∂–Ω–æ –±—ã—Å—Ç—Ä–æ –¥–æ–±—Ä–∞—Ç—å—Å—è –∫–∞–∫ –∏ –≤ SDU —Ç–∞–∫ –∏ –≤ —Ü–µ–Ω—Ç—Ä –≥–æ—Ä–æ–¥–∞, —Ä—è–¥–æ–º –µ—Å—Ç—å –ú–µ—Ç—Ä–æ, –¢–†–¶ –ú–æ—Å–∫–≤–∞, –ì—Ä–∞–Ω–¥–ø–∞—Ä–∫, –±–∞–∑–∞—Ä –°–∞—Ä—ã–∞—Ä–∫–∞  –ó–∞ –ë–æ–ª–µ–µ –ø–æ–¥—Ä–æ–±–Ω–æ–π –∏–Ω—Ñ–æ—Ä–º–∞—Ü–∏–µ–π –≤ –ª—Å"
"SDU [housing]","512006775","–î–≤—É—Ö–∫–æ–º–Ω–∞—Ç–Ω–∞—è –∫–≤–∞—Ä—Ç–∏—Ä–∞ –≤ —Ü–µ–Ω—Ç—Ä–µ –Ω–∞ –ù—É—Ä–º–∞–∫–æ–≤–∞ 79.  –ë—É–¥–µ–º –∂–∏—Ç—å –≤—á–µ—Ç–≤–µ—Ä–æ–º.  –í—Å–µ –Ω–µ–æ–±—Ö–æ–¥–∏–º–æ–µ –µ—Å—Ç—å: —Å—Ç–∏—Ä–∞–ª–∫–∞, –º–∏–∫—Ä–æ–≤–æ–ª–Ω–æ–≤–∫–∞, –¥—É—Ö–æ–≤–∫–∞, –≤–µ–Ω—Ç–∏–ª—è—Ç–æ—Ä. –ö–≤–∞—Ä—Ç–∏—Ä–∞ –Ω–æ–≤–∞—è, —Ä–∞–Ω–µ–µ –Ω–µ —Å–¥–∞–≤–∞–ª–∞—Å—å, –º–µ–±–µ–ª—å –≤—Å—è –Ω–æ–≤–∞—è.  –í—Å–µ –¥–µ–≤–æ—á–∫–∏ —Ä–∞–±–æ—Ç–∞—é—Ç, —á–∏—Å—Ç–æ–ø–ª–æ—Ç–Ω—ã–µ. –ü–æ—ç—Ç–æ–º—É –∏—â–µ–º —Ç–æ–∂–µ —Ä–∞–±–æ—Ç–∞—é—â—É—é, —á–∏—Å—Ç–æ–ø–ª–æ—Ç–Ω—É—é.  –í –º–µ—Å—è—Ü 70–∫ + –∫–æ–º–º—É–Ω–∞–ª–∫–∞. –ó–∞—Å–µ–ª–µ–Ω–∏–µ —Å 1 –∏—é–ª—è."
"SDU [housing]","6724822108","–°—Ä–æ—á–Ω–æ –∏—â–µ–º –æ–¥–Ω–æ–≥–æ —Å–ø–æ–∫–æ–π–Ω–æ–≥–æ –ø–∞—Ä–Ω—è –Ω–∞ –¥–æ–ª–≥–∏ —Å—Ä–æ–∫  –ë–µ–∑ –í—Ä–µ–¥–Ω—ã—Ö –ü—Ä–∏–≤—ã—á–µ–∫ ,–Ω–µ –ø—å—é—â–∏—Ö –∏ –Ω–µ –∫—É—Ä—è—â–∏—Ö , –ù–∞–º–∞–∑—Ö–∞–Ω–æ–≤ –ø—Ä–∏–≤–µ—Ç—Å—Ç–≤—É—é  –±–∞“ì–∞—Å—ã 50000 –ö–û–ú–£–ù–ê–õ–¨–ù–´–ô –£–°–õ–£–ì–ò –í–•–û–î–ò–¢ –ù–ê –≠–¢–£ –°–£–ú–ú–£ ,  –∞–¥—Ä–µ—Å –°–µ–π—Ñ—É–ª–ª–∏–Ω–∞ 187  –Ω–∞—Ö–æ–¥–∏—Ç—Å—è —Ä—è–¥–æ–º –°–∞–¥–∏–∫–∞ , –ë–ª–∏–∂–µ –∫ –û–°–¢–ê–ù–û–í–ö–ï , –í –ö–≤–∞—Ä—Ç–∏—Ä–µ –µ—Å—Ç—å –≤—Å–µ —á—Ç–æ –Ω–µ–æ–±—Ö–æ–¥–∏–º–æ—Å—Ç–∏ –°—Ç–∏—Ä–∞–ª–∫–∞ –∞–≤—Ç–æ–º–∞—Ç , –≥–æ—Ä—è—á—è—è —Ö–æ–ª–æ–¥–Ω–∞—è –≤–æ–¥–∞ –î—É—à –∫–∞–∫ –ø–æ–ª–æ–∂–µ–Ω–æ —Å–∞–Ω—É–∑–µ–ª –•–æ–ª–æ–¥–∏–ª—å–Ω–∏–∫ –≥–∞–∑–ø–ª–∏—Ç–∞ –≤—Å–µ –µ—Å—Ç—å, —Ä—è–¥–æ–º –µ—Å—Ç—å –ê–í–¢–û–ë–£–°–ù–ê–Ø –û–°–¢–ê–ù–û–í–ö–ê –°—É–ø–µ—Ä–º–∞—Ä–∫–µ—Ç –ú–∞–≥–Ω—É–º , –¢—Ä–µ–Ω–∞–∂–µ—Ä–Ω—ã–π –∑–∞–ª –ë–∞–Ω–∑–∞–π –ê–ø—Ç–µ–∫–∏ –ø–æ–¥—Ä–æ–±–Ω–µ–µ –≤–æ–ø—Ä–æ—Å—ã —Ñ–æ—Ç–æ  –Ω–∞ –õ.–° , –ª–∏–±–æ –ù–ê –í–û–¢–°–ê–ü–ï 87089532103  WhatsApp:wa.me/7089532103"
"SDU [housing]","878900995","–µ—â–µ –∞–∫—Ç—É–∞–ª—å–Ω–æ  –°—Ä–æ—á–Ω–æüö® –ò—â–µ–º –ø–ª–∞—Ç–µ–∂–µ—Å–ø–æ—Å–æ–±–Ω—É—é –¥–µ–≤—É—à–∫—É –Ω–∞ –ø–æ–¥—Å–µ–ª–µ–Ω–∏–µ —Å 1 –ò—é–ª—è –≤ –¥–≤—É—Ö–∫–æ–º–Ω–∞—Ç–Ω—É—é –∫–≤–∞—Ä—Ç–∏—Ä—É –≤ –ñ–ö –ê–ª–º–∞ –°–∏—Ç–∏ 4 (–Ω–∞–ø—Ä–æ—Ç–∏–≤ –ê–ø–æ—Ä—Ç–∞)   –ê—Ä–µ–Ω–¥–∞: 68–∫ + –∫–æ–º.—É—Å–ª—É–≥–∏ –ù–∞ –∫–æ—Ä–æ—Ç–∫–∏–π —Å—Ä–æ–∫: —Ç–æ–ª—å–∫–æ –∏—é–ª—å –º–µ—Å—è—Ü  –ö–≤–∞—Ä—Ç–∏—Ä–∞ –∫–æ–º—Ñ–æ—Ä—Ç–Ω–∞—è, —Å –Ω–æ–≤—ã–º –∫—Ä–∞—Å–∏–≤—ã–º —Ä–µ–º–æ–Ω—Ç–æ–º  –ë—É–¥–µ–º —Å–Ω–∏–º–∞—Ç—å –∫–≤–∞—Ä—Ç–∏—Ä—É –≤—Ç—Ä–æ–µ–º, –Ω–æ –≤ –æ—Å–Ω–æ–≤–Ω–æ–º –±—É–¥–µ–º –∂–∏—Ç—å –≤–¥–≤–æ–µ–º, —É –≤–∞—Å –±—É–¥–µ—Ç –æ—Ç–¥–µ–ª—å–Ω–∞—è –∫–æ–º–Ω–∞—Ç–∞, –ª–∏—á–Ω–æ–≥–æ –ø—Ä–æ—Å—Ç—Ä–∞–Ω—Å—Ç–≤–∞ —Ö–≤–∞—Ç–∞–µ—Ç  –ó–∞ —Ñ–æ—Ç–æ –∏ –ø–æ–¥—Ä–æ–±–Ω–æ—Å—Ç—è–º–∏ –º–æ–∂–µ—Ç–µ –º–Ω–µ –Ω–∞–ø–∏—Å–∞—Ç—åüíå"
"SDU [housing]","1869613806","2 –¥–≤—É—Ö –±–æ—Å –∫–∞–∑—ã—Ä  1 –∫–æ–º–∞–Ω–¥ –±–æ—Å  –£–ª–≥–µ—Ä–∏–ø –∞–ª—ã–ø –∫–∞–ª—ã–Ω—ã–∑–¥–∞—Ä . –°—Ç—É–¥–µ–Ω—Ç—Ç–µ—Ä–≥–µ –∞—Ä–Ω–∞–ª–≥–∞–Ω —ã–Ω–≥–∞–π–ª—ã –∏—à–∏–Ω–¥–µ –±–∞—Ä–∏ –±–∞—Ä–∏ –±–∞—Ä ‚Ä¶‚Ä¶ 87010828686 –≤–∞—Ç—Ü–∞–ø–∫–∞ –∂–∞–∑–∞–º—ã–∑"
"SDU [housing]","1869613806","–ê–ª—Ç—ã–Ω –∞—É—ã–ª 10 –ê  2 –∫–≤ –±–µ—Ä–∏–ª–µ–¥–∏ —Å—Ç—É–¥–µ–Ω—Ç—Ç–µ—Ä–≥–µ 5,10 –º–∏–Ω—É—Ç –∂–∞–∫—ã–Ω SDU –≥–∞  –¢–∞–∑–∞, –∂—ã–ª—ã. –¢–µ–ª –≤–∞—Ç—Ü–∞–ø 87010828686"
"SDU [housing]","6724822108","–ò—â–µ–º –û–î–ù–£ –¥–µ–≤—É—à–∫—É   –ú–µ–¥–µ—É—Å–∫–∏–π —Ä–∞–π–æ–Ω üìç –∏—â–µ–º –æ–¥–Ω—É –¥–µ–≤—É—à–∫—É –≤ –∏–∑–æ–ª–∏—Ä–æ–≤–∞–Ω–Ω—É—é –∫–æ–º–Ω–∞—Ç—É  –î–æ —Ü–µ–Ω—Ç—Ä–∞ –≥–æ—Ä–æ–¥–∞ 5-10 –º–∏–Ω—É—Ç. –ó–∞ 8-15 –º–∏–Ω—É—Ç –Ω–∞ –∞–≤—Ç–æ–±—É—Å–µ –¥–æ–µ–∑–∂–∞–µ—Ç–µ –¥–æ —Å–∞—è—Ö–∞—Ç–∞, –¶–£–ú–∞, –ê—Ä–±–∞—Ç–∞. –£–¥–æ–±–Ω–∞—è —Ç—Ä–∞–Ω—Å–ø–æ—Ä—Ç–Ω–∞—è —Ä–∞–∑–≤—è–∑–∫–∞ . –ù–µ—Ç –ø—Ä–æ–±–æ–∫ –Ω–∏ –≤ –æ–±—ã—á–Ω–æ–µ –≤—Ä–µ–º—è , –Ω–∏ –≤ —á–∞—Å –ø–∏–∫   –ú–∞–≥–∞–∑–∏–Ω—ã , –í–∞–π–ª–¥–±–µ—Ä–∏–∑, –°–∞–ª–∞–º –±—Ä–æ , –ì–∏–ø–ø–æ –≤—Å–µ –≤ —à–∞–≥–æ–≤–æ–π –¥–æ—Å—Ç—É–ø–Ω–æ—Å—Ç–∏  –ñ–ö –í–æ—Å—Ç–æ—á–∫–∞, –µ–≤—Ä–æ—Ä–µ–º–æ–Ω—Ç, –±–æ–ª—å—à–∞—è —Å–≤–µ—Ç–ª–∞—è –∫–æ–º–Ω–∞—Ç–∞, –¥–≤–∞ –±–æ–ª—å—à–∏—Ö —à–∫–∞—Ñ–∞ , –≤–º–µ—Å—Ç–∏—Ç–µ–ª—å–Ω–∞—è –∫—É—Ö–Ω—è, –≤–∞–Ω–Ω–∞—è –∫–æ–º–Ω–∞—Ç–∞ —Å –≤–∞–Ω–Ω–æ–π, —Ä–∞–π–æ–Ω —Ç–∏—Ö–∏–π –∏ —Å–ø–æ–∫–æ–π–Ω—ã–π.   –í –¥–æ–º–µ –∏–º–µ–µ—Ç—Å—è –≤—Å–µ –¥–ª—è –∫–æ–º—Ñ–æ—Ä—Ç–Ω–æ–≥–æ –ø—Ä–æ–∂–∏–≤–∞–Ω–∏—è , –ø–æ—Å—É–¥–∞ —Å–∫–æ–≤–æ—Ä–æ–¥–∫–∏ , –±–æ–ª—å—à–æ–π –Ω–æ–≤—ã–π —Ö–æ–ª–æ–¥–∏–ª—å–Ω–∏–∫, —Å—Ç–∏—Ä–∞–ª—å–Ω–∞—è –º–∞—à–∏–Ω–∫–∞ , –≥–∞–∑–æ–≤–∞—è –ø–ª–∏—Ç–∞ —Å –¥—É—Ö–æ–≤–∫–æ–π , —É—Ç—é–≥ , –≥–ª–∞–¥–∏–ª—å–Ω–∞—è –¥–æ—Å–∫–∞, —Å—É—à–∏–ª–∫–∞ . –ö–æ–º —É—Å–ª—É–≥–∏ –Ω–µ–¥–æ—Ä–æ–≥–∏–µ , –≤–æ–¥–∞ –≥–æ—Ä—è—á–∞—è –∏ —Ö–æ–ª–æ–¥–Ω–∞—è . –ù–µ—Ç –ø—Ä–æ–±–ª–µ–º —Å —ç–ª–µ–∫—Ç—Ä–∏—á–µ—Å—Ç–≤–æ–º   –û–ø–ª–∞—Ç–∞ –≤ –º–µ—Å—è—Ü 63.000 —Ç–µ–Ω–≥–µ, –∏ –∫–æ–º —É—Å–ª—É–≥–∏ –¥–µ–ª–∏–º –Ω–∞ –≤—Å–µ—Ö (–≤—ã—Ö–æ–¥–∏—Ç –Ω–µ–º–Ω–æ–≥–æ)  –ú—ã –Ω–µ–∫–æ–Ω—Ñ–ª–∏–∫—Ç–Ω—ã–µ —Å–æ–≤—Ä–µ–º–µ–Ω–Ω—ã–µ –¥–µ–≤—É—à–∫–∏ , —É–≤–∞–∂–∞–µ–º –ª–∏—á–Ω–æ–µ –ø—Ä–æ—Å—Ç—Ä–∞–Ω—Å—Ç–≤–æ –∫–∞–∂–¥–æ–≥–æ , –∂–∏–≤–µ–º –≤–æ –≤–∑–∞–∏–º–æ–ø–æ–Ω–∏–º–∞–Ω–∏–∏ üòä  –ó–∞–µ–∑–¥ —Å—Ä–æ—á–Ω—ã–π   –ü–∏—à–∏—Ç–µ –≤ —Ç–µ–ª–µ–≥—Ä–∞–º–º @candy6161 –∏–ª–∏ –ø–æ –Ω–æ–º–µ—Ä—É –≤–æ—Ç—Å–∞–ø +77081872695  WhatsApp:wa.me/77081872695"
"SDU [housing]","512006775","–ò—â—É –æ–¥–Ω—É –¥–µ–≤—É—à–∫—É –Ω–∞ –ø–æ–¥—Å–µ–ª–µ–Ω–∏–µ.  –î–≤—É—Ö–∫–æ–º–Ω–∞—Ç–Ω–∞—è –∫–≤–∞—Ä—Ç–∏—Ä–∞ –≤ —Ü–µ–Ω—Ç—Ä–µ –Ω–∞ –ù—É—Ä–º–∞–∫–æ–≤–∞ 79.  –ë—É–¥–µ–º –∂–∏—Ç—å –≤—á–µ—Ç–≤–µ—Ä–æ–º.  –í—Å–µ –Ω–µ–æ–±—Ö–æ–¥–∏–º–æ–µ –µ—Å—Ç—å: —Å—Ç–∏—Ä–∞–ª–∫–∞, –º–∏–∫—Ä–æ–≤–æ–ª–Ω–æ–≤–∫–∞, –¥—É—Ö–æ–≤–∫–∞, –≤–µ–Ω—Ç–∏–ª—è—Ç–æ—Ä. –ö–≤–∞—Ä—Ç–∏—Ä–∞ –Ω–æ–≤–∞—è, —Ä–∞–Ω–µ–µ –Ω–µ —Å–¥–∞–≤–∞–ª–∞—Å—å, –º–µ–±–µ–ª—å –≤—Å—è –Ω–æ–≤–∞—è.  –í—Å–µ –¥–µ–≤–æ—á–∫–∏ —Ä–∞–±–æ—Ç–∞—é—Ç, —á–∏—Å—Ç–æ–ø–ª–æ—Ç–Ω—ã–µ. –ü–æ—ç—Ç–æ–º—É –∏—â–µ–º —Ç–æ–∂–µ —Ä–∞–±–æ—Ç–∞—é—â—É—é, —á–∏—Å—Ç–æ–ø–ª–æ—Ç–Ω—É—é.  –í –º–µ—Å—è—Ü 70–∫ + –∫–æ–º–º—É–Ω–∞–ª–∫–∞. –ó–∞—Å–µ–ª–µ–Ω–∏–µ —Å 1 –∏—é–ª—è."
"SDU [housing]","1171887396","–†–µ–±—è—Ç, –Ω–æ—á—å –¥–æ–±—Ä—ã–π, –∫—Ç–æ –Ω–∏–±—É–¥—å —Ö–æ—Ç–µ–ª –±—ã –ø–æ–¥—Å–µ–ª–∏—Ç—Å—è –∫ –Ω–∞–º, –±—é–¥–∂–µ—Ç ¬±35–∫ 2—É—à–∫–∞ –∏ –Ω–∞—Å 2–æ–µ, –Ω—É –∏–ª–∏ –ø–æ–¥—Å–µ–ª–µ–Ω–∏–µ –∫–æ–º—É —Ç–æ, —Å—Ä–æ—á–Ω–æ –∫–µ—Ä–µ–∫ –µ–¥—ã"
"SDU [housing]","989056221","–í—Å–µ–º –ø—Ä–∏–≤–µ—Ç, —è –∏—â—É –¥–µ–≤—É—à–∫—É –Ω–∞ –∫–æ—Ä–æ—Ç–∫–∏–π  –∏ –¥–æ–ª–≥–∏–π —Å—Ä–æ–∫ 1 –∫–æ–º–Ω–∞—Ç–∞ -–¥–æ 7 –ò—é–ª—è  2–∫–æ–º–Ω–∞—Ç–∞  7–ò—é–ª—è-–¥–æ ‚Ä¶ –ú—ã –º–æ–∂–µ–º –¥–æ–≥–æ–≤–æ—Ä–∏—Ç—å—Å—è –æ —Ü–µ–Ω–µ –∏–∑–æ–ª–∏—Ä–æ–≤–∞–Ω–Ω–æ–π –∫–æ–º–Ω–∞—Ç—ã  –ñ–∏–ª–æ–π –∫–æ–º–ø–ª–µ–∫—Å –ê—Å—ã–ª –ê—Ä–º–∞–Ω –í—Å–µ —É—Å–ª–æ–≤–∏—è –æ–≥–æ–≤–∞—Ä–∏–≤–∞—é—Ç—Å—è –ø–µ—Ä–µ–¥ –≤—Å—Ç—Ä–µ—á–µ–π."
"SDU [housing]","706579495","–ò—â–µ–º –Ω–∞ –ø–æ–¥—Å–µ–ª–µ–Ω–∏–µ –¥–µ–≤—É—à–∫—É! üå∏–ñ–ö –ì–£–õ–î–ï–†üå∏ 2—Ö –∫–æ–º–Ω–∞—Ç–Ω–∞—è –∫–≤–∞—Ä—Ç–∏—Ä–∞ –ë—É–¥–µ–º –∂–∏—Ç—å –≤—á–µ—Ç–≤–µ—Ä–æ–º.  –ó–∞–µ–∑–∂–∞—Ç—å –º–æ–∂–Ω–æ —Å 22–≥–æ –∏—é–Ω—è. –û–ø–ª–∞—Ç–∞ —Å –∫–∞–∂–¥–æ–π 62500+–∫–æ–º–º —É—Å–ª—É–≥–∏(+12,500 –¥–µ–ø–æ–∑–∏—Ç —Å –∫–∞–∂–¥–æ–π).  –ö–≤–∞—Ä—Ç–∏—Ä–∞ —á–∏—Å—Ç–∞—è, –≤ –∫–∞–∂–¥–æ–π –∫–æ–º–Ω–∞—Ç–µ —Å–≤–æ–∏ —à–∫–∞—Ñ—ã, –µ—Å—Ç—å –ø—ã–ª–µ—Å–æ—Å, —Ñ–∏–ª—å—Ç—Ä –¥–ª—è –≤–æ–¥—ã –∏ –æ—Å—Ç–∞–ª—å–Ω—ã–µ –Ω—É–∂–Ω—ã–µ –±—ã—Ç–æ–≤—ã–µ –≤–µ—â–∏.  –ü–∏—Å–∞—Ç—å –≤ –ª—Å."
"SDU [housing]","852472336","–ü–æ–¥—Å–µ–ª–µ–Ω–∏–µ–≥–µ 1 “õ—ã–∑ –∫–µ—Ä–µ–∫ (—Ç–µ–∫ “õ—ã–∑–¥–∞—Ä)  –ñ–∞–Ω—ã–º—ã–∑“ì–∞ 5 —à—ñ “õ—ã–∑ “õ–∞–∂–µ—Ç, 2 –∫–æ–º–Ω–∞—Ç–∞ –ê–¥—Ä–µ—Å: –ê–±–∞—è/ –ú–æ–º—ã—à“±–ª—ã.  –ñ–∞–Ω—ã–Ω–¥–∞ –ú–∞–≥–Ω—É–º, –ú–µ—Ç—Ä–æ –±–∞—Ä –û–ø–ª–∞—Ç–∞ 40 + –∫–æ–º—É—Å–ª—É–≥–∞.  –Ü—à–ø–µ–π—Ç—ñ–Ω, —à–µ–∫–ø–µ–π—Ç—ñ–Ω, —Ç–∞–∑–∞ —Ç“±—Ä–∞—Ç—ã–Ω, –∞—Ä—Ç—ã“õ “õ—ã–ª“ì—ã –∂–æ“õ, —É–∞“õ—ã—Ç—ã–ª—ã –∞“õ—à–∞—Å—ã–Ω —Ç”©–ª–µ–π –∞–ª–∞—Ç—ã–Ω “õ—ã–∑ –±–æ–ª—Å–∞, –ª–∏—á–∫–∞“ì–∞ –∂–∞–∑—ã“£—ã–∑–¥–∞—Ä."
"SDU [housing]","5990108806","–ú–∞–Ω–∞—Å–∞ / –°–∞—Ç–ø–∞–µ–≤–∞  1 –¥–µ–≤—É—à–∫–∞ –Ω—É–∂–Ω–∞ , –≤—Ç–æ—Ä—É—é –¥–µ–≤—É—à–∫—É –Ω–∞—à–ª–∏  50 000+ –∫–æ–º –ü–∏—Å–∞—Ç—å 8747 789 82 67 24-25 –∏—é–Ω—è –æ—Å–≤–æ–±–æ–¥–∏—Ç—Å—è –∫–æ–º–Ω–∞—Ç–∞"
"SDU [housing]","840146543","–ù–∞ 27 —á–∏—Å–ª–æ –∏—â–µ–º 1 –¥–µ–≤—É—à–∫—É –Ω–∞ –ø–æ–¥—Å–µ–ª–µ–Ω–∏–µ (–≤—Å–µ–≥–æ –±—É–¥—É—Ç –∂–∏—Ç—å 4 –¥–µ–≤—É—à–∫–∏ –≤–∫–ª—é—á–∞—è –≤–∞—Å)  –ö–≤–∞—Ä—Ç–∏—Ä–∞ –ø—Ä–æ—Å—Ç–æ—Ä–Ω–∞—è (75–º^–∫–≤), –¥–≤—É—Ö–∫–æ–º–Ω–∞—Ç–Ω–∞—è, –µ—Å—Ç—å 2 –±–∞–ª–∫–æ–Ω–∞, —Å–∞–Ω—É–∑–µ–ª —Ä–∞–∑–¥–µ–ª—å–Ω—ã–π,–∫—É—Ö–Ω—è –±–æ–ª—å—à–∞—è, –∏–º–µ–µ—Ç—Å—è –≤—Å–µ –¥–ª—è –ø—Ä–æ–∂–∏–≤–∞–Ω–∏—è  –í—Å–µ –¥–µ–≤–æ—á–∫–∏ —Å–ø–æ–∫–æ–π–Ω—ã–µ, —á–∏—Å—Ç–æ–ø–ª–æ—Ç–Ω—ã–µ, –±–µ–∑ –≤—Ä–µ–¥–Ω—ã—Ö –ø—Ä–∏–≤—ã—á–µ–∫.   –û–ø–ª–∞—Ç–∞ 58–∫ + –∫–æ–º–º—ã  –î–ª—è —Ñ–æ—Ç–æ –∏ –ø–æ–¥—Ä–æ–±–Ω–æ–π –∏–Ω—Ñ–æ—Ä–º–∞—Ü–∏–∏ –ø–∏—à–∏—Ç–µ –≤ –ª—Å"
"SDU [housing]","1019237347","–ò—â–µ–º –æ–¥–Ω—É-–¥–≤–µ –¥–µ–≤—É—à–∫–∏ –Ω–∞ –ø–æ–¥—Å–µ–ª–µ–Ω–∏–µ –Ω–∞ –¥–æ–ª–≥–∏–π —Å—Ä–æ–∫(–º–æ–∂–Ω–æ —Ç–æ–ª—å–∫–æ –Ω–∞ –ª–µ—Ç–æ) –ó–∞–µ—Ö–∞—Ç—å –º–æ–∂–Ω–æ —Å—Ä–∞–∑—É(—Ö–æ—Ç—å —Å–µ–≥–æ–¥–Ω—è) –ê–¥—Ä–µ—Å: –ù—É—Ä–ª—ã –¥–∞–ª–∞(–Ω–∞–ø—Ä–æ—Ç–∏–≤ –∞–ø–æ—Ä—Ç–∞), –ø—Ä–æ—Å–ø–µ–∫—Ç –†–∞–π—ã–º–±–µ–∫–∞ 590/11, 1-–∫–æ–º–Ω–∞—Ç–Ω–∞—è, —Å–æ –≤—Å–µ–º–∏ —É–¥–æ–±—Å—Ç–≤–∞–º–∏ –¶–µ–Ω–∞: 50–∫+–∫–æ–º.—É—Å–ª—É–≥–∏+–∏–Ω—Ç–µ—Ä–Ω–µ—Ç"
"KBTU [housing search]","1081298394","–ò—â–µ–º –æ–¥–Ω—É –¥–µ–≤–æ—á–∫—É –Ω–∞ –ø–æ–¥—Å–µ–ª–µ–Ω–∏–µ. –ñ–ö –ö–∞—É—Å–∞—Ä , –∞–ª–º–∞–ª–∏–Ω—Å–∫–∏–π —Ä–∞–π–æ–Ω. –î–≤–æ—Ä –±–µ–∑–æ–ø–∞—Å–Ω—ã–π , –µ—Å—Ç—å –æ—Ö—Ä–∞–Ω–∞. –ñ–∏—Ç—å –±—É–¥—É—Ç 4 –¥–µ–≤–æ—á–µ–∫ ( —Å –≤–∞–º–∏ ) , –ø–æ 18 –ª–µ—Ç. –í—Å–µ —Ä–∞–±–æ—Ç–∞—é—Ç. –ó–∞–µ—Ö–∞—Ç—å –º–æ–∂–Ω–æ —Ö–æ—Ç—å —Å–µ–≥–æ–¥–Ω—è. 60 000 + –∫–æ–º —É—Å–ª—É–≥–∏"
"KBTU [housing search]","732590155","–•–µ–ª–æ—É! –ò—â—É —Å–æ–∂–∏—Ç–µ–ª—è –Ω–∞ –¥–æ–ª–≥–∏–π —Å—Ä–æ–∫. –°–∞–º –Ω–µ –ø—å—é, –Ω–µ –∫—É—Ä—é –∏ –ø—Ä–æ—à—É —Ç–æ–≥–æ –∂–µ. –ó–∞–µ–∑–¥ –≤ –∏–¥–µ–∞–ª–µ –≤ –∫–æ–Ω—Ü–µ –∏—é–ª—è-–Ω–∞—á–∞–ª–µ –∞–≤–≥—É—Å—Ç–∞. –í–º–µ—Å—Ç–µ –ø–æ–∏—â–µ–º –∫–≤ –¥–≤—É—à–∫—É –¥–æ 300–∫ —Ä—è–¥–æ–º —Å –∫–±—Ç—É —Å —Ö–æ—Ä–æ—à–∏–º —Ä–µ–º–æ–Ω—Ç–æ–º. –ü–æ–ª—É—á–∞–µ—Ç—Å—è —Å –∫–∞–∂–¥–æ–≥–æ –¥–æ 150–∫. –° –º–µ–Ω—è –∫–∞—á–µ—Å—Ç–≤–µ–Ω–Ω—ã–µ: –º—É–ª—å—Ç–∏–≤–∞—Ä–∫–∞, —á–∞–π–Ω–∏–∫, —Ñ–µ–Ω –∏ —Ç–¥."
"KBTU [housing search]","6913325467","–ê–ª–º–∞—Ç—ã!  —Å–Ω–∏–º—É 1-–∫–æ–º–Ω–∞—Ç–Ω—É—é –∫–≤–∞—Ä—Ç–∏—Ä—É –Ω–∞ 2–µ —Å—É—Ç–æ–∫ (—Å 22.06 –ø–æ 24.06)  –ø—Ä–∏–µ–∑–∂–∞—é –Ω–∞ –≤—ã—Ö–æ–¥–Ω—ã–µ,  –≤—Å–µ –Ω–æ—Ä–º –∫–≤–∞—Ä—Ç–∏—Ä—ã –∑–∞ –∞–¥–µ–∫–≤–∞—Ç–Ω—ã–π —Ü–µ–Ω–Ω–∏–∫ –Ω–∞ airbnb —É–∂–µ –∑–∞–Ω—è—Ç—ã üò≠  —Ö—ç–ª–ø! –ø–∏—Å–∞—Ç—å: @ainailoveyou"
"KBTU [housing search]","390089887","—Å–¥–∞—é –∫–≤–∞—Ä—Ç–∏—Ä—É –≤ –∞–ª–º–∞—Å–∏—Ç–∏, —Å—Ç—É–¥–∏—è 30–º –∫–≤, 150–∫+–∫–æ–º–º —É—Å–ª—É–≥–∏, –µ—Å—Ç—å —Ç–æ—Ä–≥  —Ñ–æ—Ç–æ –≤ –ª—Å —Å–∫–∏–Ω—É"
"KBTU [housing search]","1268687242","–ò—â—É –Ω–∞ –ø–æ–¥—Å–µ–ª–µ–Ω–∏–µ –¥–µ–≤—É—à–µ–∫ –Ω–∞ –ª–µ—Ç–Ω–∏–π –ø–µ—Ä–∏–æ–¥(–¥–æ –∫–æ–Ω—Ü–∞ –∞–≤–≥—É—Å—Ç–∞)‚ùóÔ∏è‚ùóÔ∏è‚ùóÔ∏è  2-—Ö –∫–æ–º–Ω–∞—Ç–Ω–∞—è –∫–≤–∞—Ä—Ç–∏—Ä–∞,–±—É–¥–µ–º –∂–∏—Ç—å –≤—á–µ—Ç–≤–µ—Ä–æ–º.  –•–æ—á—É –Ω–∞–π—Ç–∏ –∫–≤–∞—Ä—Ç–∏—Ä—É –∏ —Å–æ–∂–∏—Ç–µ–ª—å–Ω–∏—Ü –Ω–∞ –ª–µ—Ç–Ω–∏–π –ø–µ—Ä–∏–æ–¥, –º–æ–∂–µ–º –≤–º–µ—Å—Ç–µ –∏—Å–∫–∞—Ç—å –≤–∞—Ä–∏–∞–Ω—Ç—ã.–ò–ª–∏ –∂–µ —É –º–µ–Ω—è –µ—Å—Ç—å –≥–æ—Ç–æ–≤—ã–µ –≤–∞—Ä–∏–∞–Ω—Ç—ã –º–æ–≥—É –ø—Ä–µ–¥–ª–æ–∂–∏—Ç—å.  –†–∞–π–æ–Ω: –∂–µ–ª–∞—Ç–µ–ª—å–Ω–æ —Ü–µ–Ω—Ç—Ä(–ø–æ –ê–±–∞—è, –û—Ä–±–∏—Ç–∞)  –û–ø–ª–∞—Ç–∞: –æ–∫–æ–ª–æ 200-250—Ç—ã—Å.  –°—Ä–æ—á–Ω–æ‚ùóÔ∏è‚ùóÔ∏è‚ùóÔ∏è 87770594577 –î–∞–Ω–∞"
"KBTU [housing search]","1002644567","–ò—â—É –¥–µ–≤—É—à–∫—É –Ω–∞ –ø–æ–¥—Å–µ–ª–µ–Ω–∏—è, –∑–∞–µ–∑–¥ —Å 11 –∏—é–Ω—è, –≤ –º–µ—Å—è—Ü 65–ö (–∫–≤–∞—Ä—Ç–ø–ª–∞—Ç–∞+–∫–æ–º.—É—Å–ª—É–≥–∏), –Ω–∞—Å—á–µ—Ç –∫–≤: –µ—Å—Ç—å –∫–æ—à–∫–∞, –∫–æ–º–Ω–∞—Ç–∞ —Å—Ç—É–¥–∏–π–Ω–∞—è. +7(776)2649239 –ø–∏—Å–∞—Ç—å –≤ whatsapp –∏–ª–∏ –≤ —Ç–≥, —Ä–∞–π–æ–Ω: –≥–æ–≥–æ–ª—è-–Ω–∞—É—Ä—ã–∑–±–∞–π –±–∞—Ç—ã—Ä–∞, –≤ 5 –º–∏–Ω –æ—Ç –∞—Ä–±–∞—Ç–∞, –≤ 8-10 –º–∏–Ω –¥–æ –∫–±—Ç—É –í–æ–∑—Ä–∞—Å—Ç: 18-22 –ª–µ—Ç"
"KBTU [housing search]","1567726709","–ò—â–µ–º –¥–≤—É—Ö –¥–µ–≤—É—à–µ–∫ –Ω–∞ –ø–æ–¥—Å–µ–ª–µ–Ω–∏–µ. –ê–¥—Ä–µ—Å: –°–∞–∏–Ω–∞/–®–∞–ª—è–ø–∏–Ω–∞. –û–ø–ª–∞—Ç–∞ —Å –∫–∞–∂–¥–æ–π 48000+–∫–æ–º—É—Å–ª—É–≥–∏ –ó–∞ —Ñ–æ—Ç–æ–≥—Ä–∞—Ñ–∏—è–º–∏ –≤ –ª—Å"
"KBTU [housing search]","1306570431","–°–†–û–ß–ù–û  –ò—â—É –Ω–∞ –ø–æ–¥—Å–µ–ª–µ–Ω–∏–µ –æ–¥–Ω—É –¥–µ–≤—É—à–∫—É –Ω–∞ –ª–µ—Ç–Ω–∏–π –ø–µ—Ä–∏–æ–¥ (–≤–æ–∑–º–æ–∂–Ω–æ –≤ –¥–∞–ª—å–Ω–µ–π—à–µ–º –∏ –Ω–∞ —Å–ª–µ–¥—É—é—â–∏–π —É—á–µ–±–Ω—ã–π –≥–æ–¥).  –û–¥–Ω–æ–∫–æ–º–Ω–∞—Ç–Ω–∞—è –∫–≤–∞—Ä—Ç–∏—Ä–∞, —É—é—Ç–Ω–∞—è, —á–∏—Å—Ç–∞—è, —Å –Ω–æ–≤—ã–º —Ä–µ–º–æ–Ω—Ç–æ–º –∏ –º–µ–±–µ–ª—å—é. –í—Å–µ —É—Å–ª–æ–≤–∏—è –∏–º–µ—é—Ç—Å—è (—Ñ–æ—Ç–æ–≥—Ä–∞—Ñ–∏–∏ –≤ –ª—Å).  –ê–ª–º–∞—Ç—ã –ê—Ä–µ–Ω–∞, –¥–æ –ö–ë–¢–£ 40-50 –º–∏–Ω—É—Ç (88,201 –∞–≤—Ç–æ–±—É—Å—ã).  –†—è–¥–æ–º –∫—Ä—É–≥–ª–æ—Å—É—Ç–æ—á–Ω—ã–π –º–∞–≥–Ω—É–º –∏ –ø—Ä–æ—á–∏–µ —É–¥–æ–±—Å—Ç–≤–∞.  50–∫ + –∫–æ–º.—É—Å–ª—É–≥–∏ –ø–æ–ø–æ–ª–∞–º (–±–µ–∑ –¥–µ–ø–æ–∑–∏—Ç–æ–≤, —Ö–æ–∑–∏—è–Ω —è)"
"KBTU [housing search]","1298619917","–ü–æ–¥—Å–µ–ª–µ–Ω–∏–µ–≥–µ 2 “õ—ã–∑ —ñ–∑–¥–µ–π–º—ñ–∑ üìå–ê–¥—Ä–µ—Å: –†–æ–∑—ã–±–∞–∫–∏–µ–≤–∞ –ñ–∞–Ω–¥–æ—Å–æ–≤–∞ “õ–∏—ã–ª—ã—Å—ã, –ë–æ—Å—Ç–∞–Ω–¥—ã“õ —Ä–∞–π–æ–Ω—ã–Ω–¥–∞ (–ú–µ–≥–∞, –º–µ—à—ñ—Ç, —Ç.–±) üìå–ö–≤–∞—Ä—Ç–∏—Ä–∞ 2 –±”©–ª–º–µ–ª—ñ, 4 “õ—ã–∑ –±–æ–ª—ã–ø —Ç“±—Ä–∞–º—ã–∑   –ê–π—ã–Ω–∞: 65 000 —Ç–≥ –ö—ñ—Ä—É 10 –∏—é–Ω—å –≥–µ –¥–µ–π—ñ–Ω"
"KBTU [housing search]","388044115","–ò—â–µ–º –Ω–∞ –ø–æ–¥—Å–µ–ª–µ–Ω–∏–µ 2 –¥–µ–≤–æ—á–µ–∫ –Ω–∞ –ª–µ—Ç–æ‚ùóÔ∏è(3 –º–µ—Å—è—Ü–∞)‚ùóÔ∏è  2-—Ö –∫–æ–º–Ω–∞—Ç–Ω–∞—è –∫–≤–∞—Ä—Ç–∏—Ä–∞, –Ω–∞—Ö–æ–¥–∏—Ç—Å—è –≤ —Ä–∞–π–æ–Ω–µ –ö–æ–∫—Ç–µ–º - 1, –ë—É—Ö–∞—Ä –ñ—ã—Ä–∞—É - –í–µ—Å–Ω–æ–≤–∫–∞ –ö–≤–∞—Ä—Ç–∏—Ä–∞ —É—é—Ç–Ω–∞—è, —á–∏—Å—Ç–∞—è, —Å–≤–µ–∂–∞—è, –µ—Å—Ç—å –≤—Å–µ –Ω–µ–æ–±—Ö–æ–¥–∏–º–æ–µ –¥–ª—è –ø—Ä–æ–∂–∏–≤–∞–Ω–∏—è (–≤–∞–π—Ñ–∞–π, –∫–æ–Ω–¥–∏—Ü–∏–æ–Ω–µ—Ä, —Å—Ç–∏—Ä–∞–ª—å–Ω–∞—è –º–∞—à–∏–Ω–∞, –º–∏–∫—Ä–æ–≤–æ–ª–Ω–æ–≤–∫–∞, —Ç–µ–ª–µ–≤–∏–∑–æ—Ä –∏ —Ç–¥)  –í –ø–µ—à–µ–π –¥–æ—Å—Ç—É–ø–Ω–æ—Å—Ç–∏ –æ—Å—Ç–∞–Ω–æ–≤–∫–∏, –º–∞–≥–∞–∑–∏–Ω—ã, –º–∞–≥–Ω—É–º.  –û–ø–ª–∞—Ç–∞ 5 —á–∏—Å–ª–∞ –∫–∞–∂–¥–æ–≥–æ –º–µ—Å—è—Ü–∞ 56.000 + –∫–æ–º–º—É–Ω–∞–ª—å–Ω—ã–µ —É—Å–ª—É–≥–∏ (4-5–∫)"
"KBTU [housing search]","641034173","–°—Ä–æ—á–Ω–æ ! –ò—â—É –Ω–∞ –ø–æ–¥—Å–µ–ª–µ–Ω–∏–µ –æ–¥–Ω–æ–≥–æ –ø–∞—Ä–Ω—è —Ç–æ–ª—å–∫–æ –Ω–∞ –ª–µ—Ç–æ (–∏—é–Ω—å, –∏—é–ª—å, –∞–≤–≥—É—Å—Ç) –û–¥–Ω–∞ –∫–æ–º–Ω–∞—Ç–Ω–∞—è –∞—Ä–µ–Ω–¥–∞: 82000—Ç–≥ –≤—Å–µ –≤–∫–ª—é—á–µ–Ω–æ (–∫–æ–º.—É—Å–ª—É–≥–∏, –∏–Ω—Ç–µ—Ä–Ω–µ—Ç –∏ –Ω–µ—Ç –∑–∞–ª–æ–≥–∞) –ê–¥—Ä–µ—Å: –¢–æ–ª–µ –±–∏ –†–æ–∑—ã–±–∞–∫–∏–µ–≤–∞ 87051736560 –í–Ω–∏–º–∞–Ω–∏–µ: –ö—É—Ä—è—â–∏–º, –ø—å—é—â–∏–º —Å—Ä–∞–∑—É –æ—Ç–∫–∞–∑."
"KBTU [housing search]","466971885","–ò—â–µ–º –Ω–∞ –ø–æ–¥—Å–µ–ª–µ–Ω–∏–µ 2 –¥–µ–≤–æ—á–µ–∫ –Ω–∞ –ª–µ—Ç–æ‚ùóÔ∏è(3 –º–µ—Å—è—Ü–∞)‚ùóÔ∏è  2-—Ö –∫–æ–º–Ω–∞—Ç–Ω–∞—è –∫–≤–∞—Ä—Ç–∏—Ä–∞, –Ω–∞—Ö–æ–¥–∏—Ç—Å—è –≤ —Ä–∞–π–æ–Ω–µ –ö–æ–∫—Ç–µ–º - 1, –ë—É—Ö–∞—Ä –ñ—ã—Ä–∞—É - –í–µ—Å–Ω–æ–≤–∫–∞ –ö–≤–∞—Ä—Ç–∏—Ä–∞ —É—é—Ç–Ω–∞—è, —á–∏—Å—Ç–∞—è, —Å–≤–µ–∂–∞—è, –µ—Å—Ç—å –≤—Å–µ –Ω–µ–æ–±—Ö–æ–¥–∏–º–æ–µ –¥–ª—è –ø—Ä–æ–∂–∏–≤–∞–Ω–∏—è (–∫–æ–Ω–¥–∏—Ü–∏–æ–Ω–µ—Ä, —Å—Ç–∏—Ä–∞–ª—å–Ω–∞—è –º–∞—à–∏–Ω–∞, –º–∏–∫—Ä–æ–≤–æ–ª–Ω–æ–≤–∫–∞, —Ç–µ–ª–µ–≤–∏–∑–æ—Ä –∏ —Ç–¥)  –í –ø–µ—à–µ–π –¥–æ—Å—Ç—É–ø–Ω–æ—Å—Ç–∏ –æ—Å—Ç–∞–Ω–æ–≤–∫–∏, –º–∞–≥–∞–∑–∏–Ω—ã, –º–∞–≥–Ω—É–º.  –û–ø–ª–∞—Ç–∞ 5 —á–∏—Å–ª–∞ –∫–∞–∂–¥–æ–≥–æ –º–µ—Å—è—Ü–∞ 56.000 + –∫–æ–º–º—É–Ω–∞–ª—å–Ω—ã–µ —É—Å–ª—É–≥–∏ (4-5–∫)"
"KBTU [housing search]","789617913","–ò—â–µ–º –Ω–∞ –ø–æ–¥—Å–µ–ª–µ–Ω–∏–µ 1 –¥–µ–≤—É—à–∫—É –≤ –¥–≤—É—Ö–∫–æ–º–Ω–∞—Ç–Ω—É—é –∫–≤–∞—Ä—Ç–∏—Ä—É(–±—É–¥–µ–º –∂–∏—Ç—å –≤ 5) –ö–≤–∞—Ä—Ç–∏—Ä–∞ –Ω–∞—Ö–æ–¥–∏—Ç—Å—è –≤ —Ü–µ–Ω—Ç—Ä–µ (–ê–ª–º–∞–ª–∏–Ω—Å–∫–∏–π —Ä–∞–π–æ–Ω)   * –µ—Å—Ç—å –º–∞–≥–Ω—É–º * —Ä—ã–Ω–æ–∫ —Ç–∞—Å—Ç–∞–∫ * –µ–∑–¥—è—Ç –≤—Å–µ –∞–≤—Ç–æ–±—É—Å—ã –∫–∞–∫ –≤ —Å—Ç–æ—Ä–æ–Ω—É –ú–µ–≥–∏, —Ç–∞–∫ –∏ –≤ —Å—Ç–æ—Ä–æ–Ω—É –ó–æ–ª–æ—Ç–æ–≥–æ –∫–≤–∞–¥—Ä–∞—Ç–∞ –û–ø–ª–∞—Ç–∞: 60–∫+–∫–æ–º —É—Å–ª—É–≥–∏ (–≤–æ–∑–≤—Ä–∞—Ç–Ω—ã–π –¥–µ–ø–æ–∑–∏—Ç 37500 —Å –∫–∞–∂–¥–æ–π)  –ø–æ —É–¥–æ–±—Å—Ç–≤–∞–º: —Å—Ç–∏—Ä–∞–ª–∫–∞, –º–∏–∫—Ä–æ–≤–æ–ª–Ω–æ–≤–∫–∞, —Ç–µ–ª–µ–≤–∏–∑–æ—Ä, —Ä–æ—É—Ç–µ—Ä –≤–∞–π—Ñ–∞–π, –∫—Ä–æ–≤–∞—Ç—å, —à–∫–∞—Ñ—ã  *–∑–∞—Å–µ–ª–µ–Ω–∏–µ —É–∂–µ 1 –∏—é–Ω—è* –∫–≤–∞—Ä—Ç–∏—Ä–∞ –±–µ–ª–∞—è, —É—é—Ç–Ω–∞—è, –∫—Ä–∞—Å–∏–≤–∞—è, –¥–ª—è —Ñ–æ—Ç–æ –ø–∏—à–∏—Ç–µ –≤ –ª—Å"
"KBTU [housing search]","566121281","–ò—â–µ–º –¥–≤–æ–∏—Ö –¥–µ–≤—É—à–µ–∫ –≤ –Ω–æ–≤—É—é, –æ—Ç—Ä–µ–º–æ–Ω—Ç–∏—Ä–æ–≤–∞–Ω–Ω—É—é –∫–≤–∞—Ä—Ç–∏—Ä—É –Ω–∞ –ø–æ–¥—Å–µ–ª–µ–Ω–∏–µ —Å 1 –∏—é–Ω—è (–∏–∑–æ–ª–∏—Ä–æ–≤–∞–Ω–Ω–∞—è –∫–æ–º–Ω–∞—Ç–∞)   –ê–¥—Ä–µ—Å: –ñ–ö –ê–∫–º–∞—Ä–∞–ª –û–ø–ª–∞—Ç–∞: 75–ö + 8–ö –¥–µ–ø–æ–∑–∏—Ç  –ñ–µ–ª–∞—Ç–µ–ª—å–Ω–æ –¥–µ–≤—É—à–∫–∏ 20-24 –ª–µ—Ç, —Ä–∞–±–æ—Ç–∞—é—â–∏–µ/—É—á–∞—â–∏–µ—Å—è, –æ–ø–ª–∞—á–∏–≤–∞—é—â–∏–µ –≤ —Å—Ä–æ–∫ üôåüèª"
"KBTU [housing search]","5822228244","–°—Ä–æ—á–Ω–æ –∏—â–µ–º –Ω–∞ –ø–æ–¥—Å–µ–ª–µ–Ω–∏–µ –æ–¥–Ω—É –¥–µ–≤—É—à–∫—É –≤ –æ–¥–Ω–æ–∫–æ–º–Ω–∞—Ç–Ω—É—é –∫–≤–∞—Ä—Ç–∏—Ä—É –≤ —Ü–µ–Ω—Ç—Ä–µ –≥–æ—Ä–æ–¥–∞ü§©  –ì–ª–∞–≤–Ω–æ–µ —á—Ç–æ–±—ã –≤–æ–≤—Ä–µ–º—è –æ–ø–ª–∞—á–∏–≤–∞–ª–∞, –Ω–µ –∫—É—Ä–∏–ª–∞, –±—ã–ª–∞ —á–∏—Å—Ç–æ–ø–ª–æ—Ç–Ω–æ–π –∏ —É–≤–∞–∂–∞–ª–∞ —á—É–∂–∏–µ –≥—Ä–∞–Ω–∏—Ü—ã (–ø.—Å –º—ã –∏ —Å–∞–º–∏ —Ç–∞–∫–∏–µ, –Ω–æ –∏ –≤–µ—Å–µ–ª—ã–µ) –í–æ–∑—Ä–∞—Å—Ç –æ—Ç 18-22 –ë—É–¥–µ–º –∂–∏—Ç—å –≤—Ç—Ä–æ–µ–º, –º—ã —Å–∞–º–∏ —Å—Ç—É–¥–µ–Ω—Ç–∫–∏ –∏ —Ä–∞–±–æ—Ç–∞–µ–º. –ö–≤–∞—Ä—Ç–∏—Ä–∞ –æ—á–µ–Ω—å —É—é—Ç–Ω–∞—è, —á–∏—Å—Ç–∞—è. –ù–∞—Ö–æ–¥–∏—Ç—Å—è –ø—Ä—è–º–æ –Ω–∞–ø—Ä–æ—Ç–∏–≤ –ö–∞–∑–Ω—É, –±–æ—Ç–∞–Ω–∏—á–µ—Å–∫–æ–≥–æ —Å–∞–¥–∞, —Ä—è–¥–æ–º –ê—Ç–∞–∫–µ–Ω—Ç, –≤–µ—Å–Ω–æ–≤–∫–∞üî•–ú–æ–∂–µ—Ç–µ —Å–ø–æ–∫–æ–π–Ω–æ –¥–æ–µ—Ö–∞—Ç—å –≤ –ª—é–±—É—é —á–∞—Å—Ç—å –≥–æ—Ä–æ–¥–∞ –ê—Ä–µ–Ω–¥–∞ 200–∫ –Ω–∞ —Ç—Ä–æ–∏—Ö + –∫–æ–º.—É—Å–ª—É–≥–∏ –ú–æ–∂–µ—Ç–µ –∑–∞–µ—Ö–∞—Ç—å —Å 31-1 —á–∏—Å–ª–∞ –ï—Å–ª–∏ –≤–∞—Å –∑–∞–∏–Ω—Ç–µ—Ä–µ—Å–æ–≤–∞–ª–æ, —Ç–æ –ø–∏—à–∏—Ç–µ –Ω–∞ –≤–∞—Ç—Å–∞–ø: 87754759343"
"KBTU [housing search]","801199523","–ò—â–µ–º –Ω–∞ –ø–æ–¥—Å–µ–ª–µ–Ω–∏–µ 1 –¥–µ–≤–æ—á–∫—É –Ω–∞ –ª–µ—Ç–Ω–∏–π –ø–µ—Ä–∏–æ–¥. –ö–≤–∞—Ä—Ç–∏—Ä–∞ –Ω–∞—Ö–æ–¥–∏—Ç—Å—è –≤ —Ü–µ–Ω—Ç—Ä–µ( –≤ 1,2 –∫–º –æ—Ç —É–Ω–∏–∫–∞), —á–∏—Å—Ç–∞—è, –æ–ø—Ä—è—Ç–Ω–∞—è, 2-—Ö –∫–æ–º–Ω–∞—Ç–Ω–∞—è. –£ –∫–∞–∂–¥–æ–π –±—É–¥–µ—Ç —Å–≤–æ—è –∫—Ä–æ–≤–∞—Ç—å. –ü–ª–∞—Ç–∏–º 62500 –∫–∞–∂–¥–∞—è.–°–µ–π—á–∞—Å –∂–∏–≤–µ–º 3 –¥–µ–≤–æ—á–µ–∫. –ë–µ–∑ –≤—Ä–µ–¥–Ω—ã—Ö –ø—Ä–∏–≤—ã—á–µ–∫, —á–∏—Å—Ç–æ–ø–ª–æ—Ç–Ω—ã–µ. –§–æ—Ç–æ –≤ –ª—Å –æ—Ç–ø—Ä–∞–≤–ª—é."
"KBTU [housing search]","5634981825","–ù—É–∂–µ–Ω 1 –ø–∞—Ä–µ–Ω—å –Ω–∞ –ø–æ–¥—Å–µ–ª–µ–Ω–∏–µ –Ω–∞ –∏—é–Ω—å, –¥–∞–ª—å—à–µ —Å–∞–º–∏ —Ä–µ—à–∏—Ç–µ, –æ—Å—Ç–∞—Ç—å—Å—è –∏–ª–∏ –Ω–µ—Ç 1 –∫–æ–º–Ω–∞—Ç–Ω–∞—è –∫–≤–∞—Ä—Ç–∏—Ä–∞, –ø–µ—Ä–µ—Å–µ—á–µ–Ω–∏–µ –ú—É–∫–∞–Ω–æ–≤–∞ - –¢–æ–ª–µ –ë–∏ –ü–∏—Å–∞—Ç—å –ª—Å @syetori"
"KBTU [housing search]","6913325467","–≥.–ê–ª–º–∞—Ç—ã  –ò—â–µ–º –Ω–∞ –ø–æ–¥—Å–µ–ª–µ–Ω–∏–µ 1 –¥–µ–≤—É—à–∫—É. 3-—Ö –∫–æ–º–Ω–∞—Ç–Ω–∞—è –∫–≤–∞—Ä—Ç–∏—Ä–∞ –Ω–∞ –†–æ–∑—ã–±–∞–∫–∏–µ–≤–∞/–ñ–∞–Ω–¥–æ—Å–æ–≤–∞, –≤—Å–µ –≤ —à–∞–≥–æ–≤–æ–π –¥–æ—Å—Ç—É–ø–Ω–æ—Å—Ç–∏. –í –∫–≤–∞—Ä—Ç–∏—Ä–µ –Ω–∞—Å –±—É–¥–µ—Ç 7 –¥–µ–≤–æ—á–µ–∫, –∂–∏—Ç—å –±—É–¥–µ—Ç–µ –≤–¥–≤–æ–µ–º –≤ –∫–æ–º–Ω–∞—Ç–µ.  –ö–≤–∞—Ä—Ç–∏—Ä–∞ —á–∏—Å—Ç–∞—è, —É—é—Ç–Ω–∞—è. –°–∞–º–æ–µ –≥–ª–∞–≤–Ω–æ–µ —á—Ç–æ–±—ã –±—ã–ª–∞ –æ—á–µ–Ω—å —á–∏—Å—Ç–æ–ø–ª–æ—Ç–Ω–∞—è, –Ω–µ–∫–æ–Ω—Ñ–ª–∏–∫—Ç–Ω–∞—è –∏ –≤–æ–≤—Ä–µ–º—è –æ–ø–ª–∞—á–∏–≤–∞–ª–∞ –∞—Ä–µ–Ω–¥—É. –û–ø–ª–∞—Ç–∞ ~62.000 —Ç–≥ –≤ –º–µ—Å—è—Ü —Å –∫–æ–º–º—É–Ω–∞–ª–∫–æ–π, –¥–µ–ø–æ–∑–∏—Ç 21.500—Ç–≥. –ü–∏—Å–∞—Ç—å –≤ —Ç–µ–ª–µ–≥—Ä–∞–º @adilya_kt"
"KBTU [housing search]","793461320","–ò—â–µ–º –Ω–∞ —Ä–∞–±–æ—Ç—É —Å–ø–µ—Ü–∏–∞–ª–∏—Å—Ç–∞ L1 SOC (–∫–∏–±–µ—Ä–±–µ–∑–æ–ø–∞—Å–Ω–æ—Å—Ç—å) –≤ –±–∞–Ω–∫.  –ü–æ —É–¥–æ–±—Å—Ç–≤–∞–º: –µ—Å—Ç—å –æ—Ñ–∏—Å, –¥—Ä—É–∂–Ω—ã–π –∫–æ–ª–ª–µ–∫—Ç–∏–≤, –º–æ—â–Ω—ã–µ —Å–ø–µ—Ü–∏–∞–ª–∏—Å—Ç—ã, –∫–∞—Ä—å–µ—Ä–Ω—ã–π —Ä–æ—Å—Ç...–ø–µ—á–µ–Ω—å–∫–∏ üç™  –ü–æ –≤–æ–ø—Ä–æ—Å–∞–º –ø–∏—à–∏—Ç–µ –≤ –ª—Å."
"KBTU [housing search]","848495082","–ò—â–µ–º –Ω–∞ –ø–æ–¥—Å–µ–ª–µ–Ω–∏–µ 3 –¥–µ–≤—É—à–µ–∫ –≤ –¥–≤—É—Ö–∫–æ–º–Ω–∞—Ç–Ω—É—é –∫–≤–∞—Ä—Ç–∏—Ä—É –ö–≤–∞—Ä—Ç–∏—Ä–∞ –Ω–∞—Ö–æ–¥–∏—Ç—Å—è –Ω–∞ –¢–æ–ª–µ–±–∏ –†–æ–∑—ã–±–∞–∫–∏–µ–≤–∞  * –µ—Å—Ç—å –º–∞–≥–Ω—É–º * —Ä—ã–Ω–æ–∫ —Ä—è–¥–æ–º * –µ–∑–¥—è—Ç –≤—Å–µ –∞–≤—Ç–æ–±—É—Å—ã, –∫–∞–∫ –≤ —Å—Ç–æ—Ä–æ–Ω—É –ú–µ–≥–∏, —Ç–∞–∫ –∏ –≤ —Å—Ç–æ—Ä–æ–Ω—É –ó–æ–ª–æ—Ç–æ–≥–æ –∫–≤–∞–¥—Ä–∞—Ç–∞ –û–ø–ª–∞—Ç–∞: 60000+–∫–æ–º —É—Å–ª—É–≥–∏ (–∏–º–µ–µ—Ç—Å—è –≤–æ–∑–≤—Ä–∞—Ç–Ω—ã–π –¥–µ–ø–æ–∑–∏—Ç)  –ø–æ —É–¥–æ–±—Å—Ç–≤–∞–º: —Å—Ç–∏—Ä–∞–ª–∫–∞, –º–∏–∫—Ä–æ–≤–æ–ª–Ω–æ–≤–∫–∞, —Ç–µ–ª–µ–≤–∏–∑–æ—Ä, —Ä–æ—É—Ç–µ—Ä –≤–∞–π—Ñ–∞–π, –∫—Ä–æ–≤–∞—Ç—å, —à–∫–∞—Ñ—ã, —Å—É—à–∏–ª–∫–∞, –∑–µ—Ä–∫–∞–ª–æ, —É—Ç—é–≥, –≥–ª–∞–¥–∏–ª—å–Ω–∞—è –¥–æ—Å–∫–∞  *–∑–∞—Å–µ–ª–µ–Ω–∏–µ —É–∂–µ 1 –∏—é–Ω—è* –∫–≤–∞—Ä—Ç–∏—Ä–∞ –±–µ–ª–∞—è, –∫—Ä–∞—Å–∏–≤–∞—è, –¥–ª—è —Ñ–æ—Ç–æ –ø–∏—à–∏—Ç–µ –≤ –ª—Å"
"KBTU [housing search]","704298977","–ò—â–µ–º —Å–æ—Å–µ–¥–µ–π –¥–ª—è —Å—ä–µ–º–∞ –∫–≤–∞—Ä—Ç–∏—Ä—ã –≤ –≥–æ—Ä–æ–¥–µ –ê–∫—Å–∞–π –ï–¥–µ–º –Ω–∞ –ø—Ä–æ–∏–∑–≤–æ–¥—Å—Ç–≤–µ–Ω–Ω—É—é –ø—Ä–∞–∫—Ç–∏–∫—É –≤ –ø–µ—Ä–∏–æ–¥ 02.07.2024-02.08.2024  –ü–∏—à–∏—Ç–µ –≤ –ª—Å"
"KBTU [housing search]","6913325467","üìç–≥. –ê–ª–º–∞—Ç—ã, –∑–æ–ª–æ—Ç–æ–π –∫–≤–∞–¥—Ä–∞—Ç, —É–ª–∏—Ü–∞ –∂–µ–ª—Ç–æ–∫—Å–∞–Ω, —Ä—è–¥–æ–º –ú–µ—Ç—Ä–æ.  –ú—ã –∏—â–µ–º 1 —Å–æ—Å–µ–¥–∫—É –¥–ª—è 2-–∫–æ–º –∫–≤–∞—Ä—Ç–∏—Ä—ã –≤ –∑–æ–ª–æ—Ç–æ–º –∫–≤–∞–¥—Ä–∞—Ç–µ. –í –æ–¥–Ω–æ–π –∫–æ–º–Ω–∞—Ç–µ –±—É–¥—É—Ç –ø—Ä–æ–∂–∏–≤–∞—Ç—å –¥–≤–µ –¥–µ–≤—É—à–∫–∏. –ö–≤–∞—Ä—Ç–∏—Ä–∞ —á–∏—Å—Ç–∞—è, —Å–≤–µ—Ç–ª–∞—è –∏ —É—Ö–æ–∂–µ–Ω–Ω–∞—è.  üí∞–û–ø–ª–∞—Ç–∞ 75 —Ç—ã—Å –∫–≤–∞—Ä—Ç –ø–ª–∞—Ç–∞+–∫–æ–º —É—Å–ª—É–≥–∏. –ó–∞–ª–æ–≥ –Ω–µ —Ç—Ä–µ–±—É–µ—Ç—Å—è.  üìå–ö–≤–∞—Ä—Ç–∏—Ä–∞ —Å–¥–∞—ë—Ç—Å—è –≤–ø–µ—Ä–≤—ã–µ –ø–æ—Å–ª–µ –µ–≤—Ä–æ—Ä–µ–º–æ–Ω—Ç–∞. –î–µ–≤—É—à–∫–∏ –∞–¥–µ–∫–≤–∞—Ç–Ω—ã–µ. –§–æ—Ç–æ –æ—Ç–ø—Ä–∞–≤–ª—é –≤ –õ–°.  üìå–ó–∞—Å–µ–ª–µ–Ω–∏–µ –≤ –∫–æ–Ω—Ü–µ –º–∞—è - –Ω–∞—á–∞–ª–æ –∏—é–Ω—è.   –ë—ñ–∑  1 “õ—ã–∑ —ñ–∑–¥–µ–π–º—ñ–∑. –ë—ñ—Ä –±”©–ª–º–µ–¥–µ –µ–∫—ñ “õ—ã–∑ —Ç“±—Ä–∞–¥—ã. –ü”ô—Ç–µ—Ä —Ç–∞–∑–∞, –∂–∞—Ä—ã“õ –∂”ô–Ω–µ –∂–∞“õ—Å—ã –∫“Ø—Ç—ñ–º–¥—ñ. –¢”©–ª–µ–º 75 –º—ã“£ –∫–≤–∞—Ä—Ç–∞ —Ç”©–ª–µ–º + –∫–æ–º “õ—ã–∑–º–µ—Ç—Ç–µ—Ä. –ó–∞–ª–æ–≥ –∂–æ“õ. –ü”ô—Ç–µ—Ä –µ—É—Ä–æ–∂”©–Ω–¥–µ—É–¥–µ–Ω –∫–µ–π—ñ–Ω –∞–ª“ì–∞—à —Ä–µ—Ç –∂–∞–ª“ì–∞ –±–µ—Ä—ñ–ª–µ–¥—ñ.  –û–±—Ä–∞—â–∞—Ç—å—Å—è –∫ @almmira_a"
"KBTU [housing search]","6913325467","–ê–õ–ú–ê–¢–´ “ö–ê–õ–ê–°–´!–°–†–û–ß–ù–û! –ö–≤–∞—Ä—Ç–∏—Ä–∞–º—ã–∑“ì–∞ 1—à—ñ –ú–ê–£–°–´–ú –∞–π—ã–Ω–∞–Ω –±–∞—Å—Ç–∞–ø —Ç“±—Ä“ì–∞–Ω“ì–∞ 1 “ö–´–ó —ñ–∑–¥–µ–π–º—ñ–∑. –ñ–∞–º–∞–Ω ”ô–¥–µ—Ç—ñ –∂–æ“õ —ñ—à–ø–∏—Ç—ñ–Ω,—à–µ–∫–ø–∏—Ç—ñ–Ω. –ï“£ —à —Ç–∞–∑–∞–ª—ã“õ—Ç—ã —Å–∞“õ—Ç–∞–π—Ç—ã–Ω, –±—ñ—Ä–µ—É–¥—ñ“£ –∑–∞—Ç—ã–Ω–∞ —Ç–∏—ñ—Å–ø–µ–π—Ç—ñ–Ω “õ—ã–∑ “õ–∞–∂–µ—Ç. “∞–∑–∞“õ —É–∞“õ—ã—Ç“õ–∞ –±—ñ—Ä–≥–µ —Ç“±—Ä–∞—Ç—ã–Ω “õ—ã–∑–¥–∞—Ä–¥—ã “õ–∞—Ä–∞—Å—Ç—ã—Ä–∞–º—ã–∑. –ï–† –ë–ê–õ–ê–õ–ê–† –ñ–ê–ó–´–ü ”ò–£–†–ï –ë–û–õ–ú–ê“¢–´–ó–î–ê–† –ú“Æ–õ–î–ï “ö–ê–†–ê–°–¢–´–†–ú–ê–ô–ú–´–ó! “Æ–π —ñ—à—ñ –∫–µ“£, —Ç–∞–∑–∞, –±–∞—Ä–ª—ã“õ –∞–≤—Ç–æ–±—É—Å—Ç–∞—Ä –∂“Ø—Ä–µ–¥—ñ.  –ê–π—ã–Ω–∞ 40.000—Ç–≥+–∫–æ–º—É—Å–ª—É–≥–∞ (–æ—Å–æ–±–æ –∫”©–ø —à—ã“õ–ø–∞–π–¥—ã). –ê–¥—Ä–µ—Å: –ê–∫—Å–∞–π-1–∞,31–±. +7 707 739 46 49 –°–∞–ª—Ç–∞–Ω–∞—Ç"
"KBTU [housing search]","6913325467","–ì–æ—Ä–æ–¥ –ê–õ–ú–ê–¢–´  –í 2—Ö –∫–æ–º–Ω–∞—Ç–Ω–æ–π –ø—Ä–æ—Å—Ç–æ—Ä–Ω–æ–π –∫–≤–∞—Ä—Ç–∏—Ä–µ —Å–¥–∞—ë—Ç—Å—è –æ–¥–Ω–∞ –∫–æ–º–Ω–∞—Ç–∞ –¥–ª—è –æ–¥–Ω–æ–π –¥–µ–≤—É—à–∫–∏, –≤ –æ–¥–Ω–æ–π –∏–∑ –∫–æ–º–Ω–∞—Ç –∂–∏–≤–µ—Ç –æ–¥–Ω–∞ –¥–µ–≤—É—à–∫–∞, —Å–¥–∞—ë—Ç—Å—è –ø–æ—Ä—è–¥–æ—á–Ω–æ–π, —á–∏—Å—Ç–æ–ø–ª–æ—Ç–Ω–æ–π, –ø–ª–∞—Ç—ë–∂–µ—Å–ø–æ—Å–æ–±–Ω–æ–π, –Ω–µ –∫–æ–Ω—Ñ–ª–∏–∫—Ç–Ω–æ–π –¥–µ–≤—É—à–∫–µ, —Å—Ç—É–¥–µ–Ω—Ç–∫–∏ –Ω–µ –∏–Ω—Ç–µ—Ä–µ—Å—É—é—Ç, –æ–ø–ª–∞—Ç–∞ 110 000, —Å –∫–æ–º–º—É–Ω–∞–ª—å–Ω—ã–º–∏ –≤—ã—Ö–æ–¥–∏—Ç –ø—Ä–∏–º–µ—Ä–Ω–æ 125 000 –≤ –º–µ—Å—è—Ü.  –í—Å—è –±—ã—Ç–æ–≤–∞—è —Ç–µ—Ö–Ω–∏–∫–∞, —á–∏—Å—Ç–∞—è, —É—é—Ç–Ω–∞—è, —Ö–æ–ª–æ–¥–∏–ª—å–Ω–∏–∫, –Ω–∞ –¥–ª–∏—Ç–µ–ª—å–Ω—ã–π —Å—Ä–æ–∫, —Å—Ç–∏—Ä–∞–ª—å–Ω–∞—è –º–∞—à–∏–Ω–∞-–∞–≤—Ç–æ–º–∞—Ç, –∏–Ω—Ç–µ—Ä–Ω–µ—Ç.  –î–æ–º –æ—Ä–∏–µ–Ω—Ç–∏—Ä–æ–≤–æ—á–Ω–æ –Ω–∞—Ö–æ–¥–∏—Ç—Å—è –≤–æ–∑–ª–µ –ö—É—Ä–º–∞–Ω–≥–∞–∑—ã –ì–∞–≥–∞—Ä–∏–Ω–∞  –û–±—Ä–∞—â–∞—Ç—å—Å—è –ø–æ –Ω–æ–º–µ—Ä—É: +77772219902"
"KBTU [housing search]","905440403","–ò—â–µ–º –Ω–∞ –ø–æ–¥—Å–µ–ª–µ–Ω–∏–µ 2 –¥–µ–≤—É—à–µ–∫ –≤ –¥–≤—É—Ö–∫–æ–º–Ω–∞—Ç–Ω—É—é –∫–≤–∞—Ä—Ç–∏—Ä—É(–±—É–¥–µ–º –∂–∏—Ç—å —á–µ—Ç–≤–µ—Ä–æ)  –ö–≤–∞—Ä—Ç–∏—Ä–∞ –Ω–∞—Ö–æ–¥–∏—Ç—Å—è –Ω–∞ –¢–æ–ª–µ–±–∏ –†–æ–∑—ã–±–∞–∫–∏–µ–≤–∞  * –µ—Å—Ç—å –º–∞–≥–Ω—É–º * —Ä—ã–Ω–æ–∫ —Ç–∞—Å—Ç–∞–∫ * –µ–∑–¥—è—Ç –≤—Å–µ –∞–≤—Ç–æ–±—É—Å—ã –∫–∞–∫ –≤ —Å—Ç–æ—Ä–æ–Ω—É –ú–µ–≥–∏, —Ç–∞–∫ –∏ –≤ —Å—Ç–æ—Ä–æ–Ω—É –ó–æ–ª–æ—Ç–æ–≥–æ –∫–≤–∞–¥—Ä–∞—Ç–∞  –û–ø–ª–∞—Ç–∞: 75000+–∫–æ–º —É—Å–ª—É–≥–∏ (–≤–æ–∑–≤—Ä–∞—Ç–Ω—ã–π –¥–µ–ø–æ–∑–∏—Ç 37500 —Å –∫–∞–∂–¥–æ–π)  –ø–æ —É–¥–æ–±—Å—Ç–≤–∞–º: —Å—Ç–∏—Ä–∞–ª–∫–∞, –º–∏–∫—Ä–æ–≤–æ–ª–Ω–æ–≤–∫–∞, —Ç–µ–ª–µ–≤–∏–∑–æ—Ä, —Ä–æ—É—Ç–µ—Ä –≤–∞–π—Ñ–∞–π, –∫—Ä–æ–≤–∞—Ç—å, —à–∫–∞—Ñ—ã  –∑–∞—Å–µ–ª–µ–Ω–∏–µ —É–∂–µ —Å 27 –º–∞—è –∫–≤–∞—Ä—Ç–∏—Ä–∞ –±–µ–ª–∞—è, –Ω–µ–±–æ–ª—å—à–∞—è, –∫—Ä–∞—Å–∏–≤–∞—è, –¥–ª—è —Ñ–æ—Ç–æ –ø–∏—à–∏—Ç–µ –≤ –ª—Å"
"KBTU [housing search]","1306570431","–ò—â—É –Ω–∞ –ø–æ–¥—Å–µ–ª–µ–Ω–∏–µ –æ–¥–Ω—É –¥–µ–≤—É—à–∫—É –Ω–∞ –ª–µ—Ç–Ω–∏–π –ø–µ—Ä–∏–æ–¥ (–≤–æ–∑–º–æ–∂–Ω–æ –≤ –¥–∞–ª—å–Ω–µ–π—à–µ–º –∏ –Ω–∞ —Å–ª–µ–¥—É—é—â–∏–π —É—á–µ–±–Ω—ã–π –≥–æ–¥).  –û–¥–Ω–æ–∫–æ–º–Ω–∞—Ç–Ω–∞—è –∫–≤–∞—Ä—Ç–∏—Ä–∞, —É—é—Ç–Ω–∞—è, —á–∏—Å—Ç–∞—è, —Å –Ω–æ–≤—ã–º —Ä–µ–º–æ–Ω—Ç–æ–º –∏ –º–µ–±–µ–ª—å—é. –í—Å–µ —É—Å–ª–æ–≤–∏—è –∏–º–µ—é—Ç—Å—è (—Ñ–æ—Ç–æ–≥—Ä–∞—Ñ–∏–∏ –≤ –ª—Å).  –ê–ª–º–∞—Ç—ã –ê—Ä–µ–Ω–∞, –¥–æ –ö–ë–¢–£ 40-50 –º–∏–Ω—É—Ç (88,201 –∞–≤—Ç–æ–±—É—Å—ã).  –†—è–¥–æ–º –∫—Ä—É–≥–ª–æ—Å—É—Ç–æ—á–Ω—ã–π –º–∞–≥–Ω—É–º –∏ –ø—Ä–æ—á–∏–µ —É–¥–æ–±—Å—Ç–≤–∞.  50–∫ + –∫–æ–º.—É—Å–ª—É–≥–∏ –ø–æ–ø–æ–ª–∞–º (–±–µ–∑ –¥–µ–ø–æ–∑–∏—Ç–æ–≤, —Ö–æ–∑–∏—è–Ω —è)"
"AIU Housingüè†","1105820915","–ò—â–µ–º –¥–µ–≤—É—à–∫—É –Ω–∞ –ø–æ–¥—Å–µ–ª–µ–Ω–∏–µ –ù–ê –î–û–õ–ì–ò–ô –°–†–û–ö –≤ 3—Ö–∫–æ–º–Ω–∞—Ç–Ω—É—é –∫–≤–∞—Ä—Ç–∏—Ä—É –ø–æ –∞–¥—Ä–µ—Å—É –†–µ—Å–ø—É–±–ª–∏–∫–∞ 8. –ñ–∏—Ç—å –±—É–¥–µ–º –≤—á–µ—Ç–≤–µ—Ä–æ–º, –ø–æ –¥–≤–µ –¥–µ–≤—É—à–∫–∏ –≤ –∫–æ–º–Ω–∞—Ç–µ.  –ú—ã - —Å—Ç—É–¥–µ–Ω—Ç–∫–∏, –ª—é–±–∏–º —á–∏—Å—Ç–æ—Ç—É, —É–≤–∞–∂–∞–µ–º –ª–∏—á–Ω—ã–µ –≥—Ä–∞–Ω–∏—Ü—ã –∏ –æ—á–µ–Ω—å –≤–µ—Å—ë–ª—ã–µ –°–∞–º–∞ –∫–≤–∞—Ä—Ç–∏—Ä–∞ –ø—Ä–æ—Å—Ç–æ—Ä–Ω–∞—è –∏ —Å–≤–µ—Ç–ª–∞—è. –ù–∞—Ö–æ–¥–∏—Ç—Å—è –Ω–∞ –ø—è—Ç–æ–º —ç—Ç–∞–∂–µ. –†—è–¥–æ–º –Ω–∞–±–µ—Ä–µ–∂–Ω–∞—è, –æ—á–µ–Ω—å –º–Ω–æ–≥–æ –º–∞–≥–∞–∑–∏–Ω–æ–≤ –∏ —Ä–µ—Å—Ç–æ—Ä–∞–Ω–æ–≤, –æ—Ç–ª–∏—á–Ω–∞—è —Ç—Ä–∞–Ω—Å–ø–æ—Ä—Ç–Ω–∞—è —Ä–∞–∑–≤—è–∑–∫–∞. –î–æ —É–Ω–∏–≤–µ—Ä—Å–∏—Ç–µ—Ç–∞ –Ω–∞ –ö–∞–±–∞–Ω–±–∞–π 5-10 –º–∏–Ω—É—Ç, –Ω–∞ –ê—É—ç–∑–æ–≤–∞ 15 –º–∏–Ω—É—Ç  –û–ø–ª–∞—Ç–∞ –∑–∞ –∫–≤–∞—Ä—Ç–∏—Ä—É 46250 + –∫–æ–º.—É—Å–ª—É–≥–∏  –í—ä–µ—Ö–∞—Ç—å –º–æ–∂–Ω–æ 29 –∏—é–Ω—è, –Ω–æ —Ç–∞–∫ –∂–µ —Ä–∞—Å—Å–º–∞—Ç—Ä–∏–≤–∞–µ–º –≤–∞—Ä–∏–∞–Ω—Ç –∑–∞–µ–∑–¥–∞ –Ω–∞ –ø–∞—Ä—É –¥–Ω–µ–π –ø–æ—Ä–∞–Ω—å—à–µ  –ü–æ–¥—Ä–æ–±–Ω—É—é –∏–Ω—Ñ–æ—Ä–º–∞—Ü–∏—é –∏ —Ñ–æ—Ç–æ–≥—Ä–∞—Ñ–∏–∏ –º–æ–∂–µ—Ç–µ –ø–æ–ª—É—á–∏—Ç—å –ø–æ –Ω–æ–º–µ—Ä—É: +77711243948 –∏–ª–∏ +7 747 937 0442"
"AIU Housingüè†","818053590","üìç–ê—Å—Ç–∞–Ω–∞ –ò—â–µ–º –æ–¥–Ω—É –¥–µ–≤—É—à–∫—É –Ω–µ –∫–æ–Ω—Ñ–ª–∏–∫—Ç–Ω—É—é, —á–∏—Å—Ç–æ–ø–ª–æ—Ç–Ω—É—é, –ø–ª–∞—Ç–µ–∂–µ—Å–ø–æ—Å–æ–±–Ω—É—é, –¥–ª—è —Å–æ–≤–º–µ—Å—Ç–Ω–æ–≥–æ –ø—Ä–æ–∂–∏–≤–∞–Ω–∏—è –≤ 2-–∫–æ–º–Ω –∫–≤–∞—Ä—Ç–∏—Ä–µ. –ê–¥—Ä–µ—Å: –ñ–ö Dastur, –¢–æ–ª–µ –±–∏ 12/2(—Ä–∞–π–æ–Ω –ù–£, –≠–∫—Å–ø–æ,  –ú–µ–≥–∞, –ë–æ—Ç–∞–Ω–∏—á–µ—Å–∫–∏–π —Å–∞–¥(–ø–µ—Ä–µ—Å–µ—á–µ–Ω–∏–µ –¢—É—Ä–∞–Ω-–£–ª—ã –¥–∞–ª–∞) –û–ø–ª–∞—Ç–∞: 60—Ç—ã—Å. + –∫–æ–º —É—Å–ª—É–≥–∏  –û–±—Ä–∞—â–∞–π—Ç–µ—Å—å –ø–æ –Ω–æ–º–µ—Ä—É +7 708 008 19 12 –∏–ª–∏ @askrvnf"
"AIU Housingüè†","6132121249","–∏—â–µ–º 2 –¥–µ–≤—É—à–µ–∫ –Ω–∞ –ø–æ–¥—Å–µ–ª–µ–Ω–∏–µ –≤ –æ–¥–Ω—É –∫–æ–º–Ω–∞—Ç—É  (–∫–≤–∞—Ä—Ç–∏—Ä–∞ 2—Ö –∫–æ–º–Ω–∞—Ç–Ω–∞—è)  —Å 1 –∏—é–ª—è  –∞–¥—Ä–µ—Å: –°–∞—Ç–ø–∞–µ–≤–∞ 11/4, (—Ä—è–¥–æ–º –µ–Ω—É, –µ–∞—Ä–∞–∑–∏—è, –∞—Å—Ç–∞–Ω–∞ –º–æ–ª–ª) –æ–ø–ª–∞—Ç–∞: 37,500 + –∫–æ–º  –æ—Ç–ª–∏—á–Ω—ã–π —Ä–µ–º–æ–Ω—Ç, –¥–ª—è –ø—Ä–æ–∂–∏–≤–∞–Ω–∏—è –µ—Å—Ç—å –≤—Å—è —Ç–µ—Ö–Ω–∏–∫–∞  –¥–ª—è —Ñ–æ—Ç–æ –ø–∏—à–∏—Ç–µ 87089334229"
"AIU Housingüè†","1198756108","–ò—â—É 2-—Ö –¥–µ–≤—É—à–µ–∫ –Ω–∞ –ø–æ–¥—Å–µ–ª–µ–Ω–∏–µ 4-—Ö –∫–æ–º–Ω–∞—Ç–Ω–∞—è –∫–≤–∞—Ä—Ç–∏—Ä–∞, 100 –∫–≤ –º–µ—Ç—Ä–æ–≤, –ø—Ä–æ—Å—Ç–æ—Ä–Ω–æ –∏ —Å–≤–µ—Ç–ª–æ  –ê–¥—Ä–µ—Å: –ë–æ–∫–µ–π—Ö–∞–Ω–∞ 21, —Ä—è–¥–æ–º –≠–ö–°–ü–û, –ë–æ—Ç–∞–Ω–∏—á–µ—Å–∫–∏–π —Å–∞–¥. –†–∞–π–æ–Ω —Ç–∏—Ö–∏–π, –Ω–µ –º—É—Ä–∞–≤–µ–π–Ω–∏–∫  –û–ø–ª–∞—Ç–∞ 38.000 + –∫–æ–º —É—Å–ª—É–≥–∏   –ó–∞ –æ—Å—Ç–∞–ª—å–Ω—ã–º–∏ –ø–æ–¥—Ä–æ–±–Ω–æ—Å—Ç—è–º–∏ –≤ –õ–°"
"AIU Housingüè†","818053590","–°–†–û–ß–ù–û! –ò—â—É –Ω–∞ –ø–æ–¥—Å–µ–ª–µ–Ω–∏–µ –ø–∞—Ä–Ω—è –≤ –µ–≤—Ä–æ–ø–æ–ª—Ç–æ—Ä–∞—à–∫—É —Å –æ—Ç–¥–µ–ª—å–Ω—ã–º–∏ –∫–æ–º–Ω–∞—Ç–∞–º–∏. –í –∫–≤–∞—Ä—Ç–∏—Ä–µ –∏–º–µ–µ—Ç—Å—è –≤—Å–µ –Ω–µ–æ–±—Ö–æ–¥–∏–º–æ–µ, —Ç–µ—Ö–Ω–∏–∫–∞, –º–µ–±–µ–ª—å –∏ —Ç–¥  –†–∞–π–æ–Ω –ë–æ—Ç–∞–Ω–∏—á–µ—Å–∫–æ–≥–æ —Å–∞–¥–∞, –ñ–ö –ö–û–†–ö–ï–ú 3  –ò—â—É —á–∏—Å—Ç–æ–ø–ª–æ—Ç–Ω–æ–≥–æ, –∞–¥–µ–∫–≤–∞—Ç–Ω–æ–≥–æ, –ø–ª–∞—Ç–µ–∂–µ—Å–ø–æ—Å–æ–±–Ω–æ–≥–æ –ø–∞—Ä–Ω—è.  –° –∫–∞–∂–¥–æ–≥–æ –ø–æ 90–ö (–∫–æ–º.—É—Å–ª—É–≥–∏ –æ—Ç–¥–µ–ª—å–Ω–æ 9-10 –ö)  –ú–æ–∂–Ω–æ –∑–∞–µ—Ö–∞—Ç—å —É–∂–µ 2-3–≥–æ –∏—é–ª—è. –û–ø–ª–∞—Ç–∞ –∫–∞–∂–¥—ã–π –º–µ—Å—è—Ü 4 —á–∏—Å–ª–∞  –ù–æ–º–µ—Ä —Ç–µ–ª–µ—Ñ–æ–Ω–∞: 8 702 193 9296 –¢–≥: @elnurlab"
"AIU Housingüè†","967171153","–ò—â–µ–º 1 –∏–ª–∏ 2 –¥–µ–≤—É—à–µ–∫ –Ω–∞ –ø–æ–¥—Å–µ–ª–µ–Ω–∏–µ  —á–∏—Å—Ç–æ–ø–ª–æ—Ç–Ω—ã–µ  –≤ –º–µ—Å—è—Ü 45-60 –∫  –∞–¥—Ä–µ—Å —Å—ã–≥–∞–Ω–∞–∫ 32"
"AIU Housingüè†","1044668435","2 –±”©–ª–º–µ–ª—ñ –∫–≤–∞—Ä—Ç–∏—Ä–∞ 2“õ—ã–∑ –∫–µ—Ä–µ–∫. –ê—Ä –∞–¥–∞–º 30–º—ã–Ω–Ω–∞–Ω –∫–æ–º —É—Å–ª—É–≥ –±–æ–ª–µ–∫ –§–∞—Ä–∏–∑–∞ –æ–Ω–≥–∞—Ä—Å—ã–Ω–æ–≤–∞ 6 (–ï–•–ü–û –∂–∞–Ω—ã) —Ç–µ–ª: 87075461994 –≤–∞—Ç—Å–∞–ø–∫–∞ –∂–∞–∑—É"
"AIU Housingüè†","967171153","–≤—Å–µ–º –ø—Ä–∏–≤–µ—Ç  –∏—â–µ–º 2 –¥–µ–≤—É—à–µ–∫ —á—Ç–æ–±—ã –≤–º–µ—Å—Ç–µ —Å–Ω—è—Ç—å –∫–≤–∞—Ä—Ç–∏—Ä—É  —Ü–µ–Ω–∞ –ø—Ä–∏–º–µ—Ä–Ω–æ 50 –∫ +- —á–∏—Å—Ç–æ–ø–ª–æ—Ç–Ω—ã–µ, –ø–ª–∞—Ç–µ–∂–µ—Å–ø–æ—Å–æ–±–Ω—ã–µ   –∫–≤–∞—Ä—Ç–∏—Ä—É —Ä–∞—Å—Å–º–∞—Ç—Ä–∏–≤–∞–µ–º –≤–æ–∑–ª–µ –∫–µ—Ä—É–µ–Ω–∞  –∑–∞–µ–∑–¥ 20 –∏—é–Ω—è"
"AIU Housingüè†","818053590","2 —Å—Ç—É–¥–µ–Ω—Ç–∫–∏ –≤–æ–∑—å–º—É—Ç –Ω–∞ –ø–æ–¥—Å–µ–ª–µ–Ω–∏–µ –≤ 2—Ö –∫–æ–º–Ω. –∫–≤–∞—Ä—Ç–∏—Ä—É —á–∏—Å—Ç–æ–ø–ª–æ—Ç–Ω—É—é, –Ω–µ –∫–æ–Ω—Ñ–ª–∏–∫—Ç–Ω—É—é –¥–µ–≤—É—à–∫—É –±–µ–∑ –≤—Ä–µ–¥–Ω—ã—Ö –ø—Ä–∏–≤—ã—á–µ–∫ (–Ω–µ –ø–∏—Ç—å , –Ω–µ –∫—É—Ä–∏—Ç—å, –ø–∞—Ä–Ω–µ–π –Ω–µ –≤–æ–¥–∏—Ç—å) –º–æ–∂–Ω–æ —Å–æ–≤–µ—Ä—à–∞—é—â–∏—Ö –Ω–∞–º–∞–∑, –º—ã –Ω–µ –ø—Ä–æ—Ç–∏–≤. –í–æ–∑—Ä–∞—Å—Ç –¥–æ 25 –ª–µ—Ç, –±–µ–∑ –¥–µ—Ç–µ–π   –õ–µ–≤—ã–π –±–µ—Ä–µ–≥, —Ä–∞–π–æ–Ω —Ñ–∏–Ω —Ü–µ–Ω—Ç—Ä–∞, 2—Ö –∫–æ–º–Ω –∫–≤–∞—Ä—Ç–∏—Ä–∞, —É—é—Ç–Ω–∞—è, —Ç–µ–ø–ª–∞—è, –±—É–¥—É—Ç –∂–∏—Ç—å 3 –¥–µ–≤—É—à–∫–∏.  –ó–∞—Å–µ–ª–µ–Ω–∏–µ —Å 26 —á–∏—Å–ª–∞ –¶–µ–Ω–∞ 50—Ç—ã—Å. + –∫–æ–º–º. —É—Å–ª—É–≥–∏   –ó–∞ –≤—Å–µ–º–∏ –ø–æ–¥—Ä–æ–±–Ω–æ—Å—Ç—è–º–∏:  +7 705 159 30 43"
"AIU Housingüè†","6435992512","–ì. –ê—Å—Ç–∞–Ω–∞ –¢–û–õ–¨–ö–û –î–ï–í–£–®–ö–ê(–ø–∞—Ä–Ω—è–º –Ω–µ –±–µ—Å–ø–æ–∫–æ–∏—Ç—å‚ÄºÔ∏è‚ÄºÔ∏è‚ÄºÔ∏è) –ò—â–µ–º —á–∏—Å—Ç–æ–ø–ª–æ—Ç–Ω—É—é –±–µ–∑ –≤/–ø –¥–µ–≤—É—à–∫—É –Ω–∞ –ø–æ–¥—Å–µ–ª–µ–Ω–∏–µ –†–∞–π–æ–Ω –∂–∞–≥–∞–ª–∞—É, –∂–∫ –ê–±—Å–æ–ª—é—Ç, —Ä—è–¥–æ–º –µ—Å—Ç—å —Å–º–æ–ª, –æ—Å—Ç–∞–Ω–æ–≤–∫–∏ –ö–∞–∑—É—Ç–± –∏ –ö–∞–∑–≥—é—É –ö–≤–∞—Ä—Ç–∏—Ä–∞ –æ–¥–Ω–æ–∫–æ–º–Ω–∞—Ç–Ω–∞—è –û–ø–ª–∞—Ç–∞: 50 –∫ (–∫–æ–º —É—Å–ª—É–≥–∏, –∏–Ω—Ç–µ—Ä–Ω–µ—Ç –≤–Ω—É—Ç—Ä–∏, –¥–µ–ø–æ–∑–∏—Ç–∞ –Ω–µ—Ç) –ë—É–¥–µ–º –∂–∏—Ç—å –≤ 3  –ö–≤–∞—Ä—Ç–∏—Ä–∞ —Å–≤–µ—Ç–ª–∞—è, –≤—Å–µ —É–¥–æ–±—Å—Ç–≤–∞ –∏–º–µ—é—Ç—Å—è –ö–≤–∞—Ä—Ç–∏—Ä–∞ –ø–æ–ª–Ω–æ—Å—Ç—å—é –º–µ–±–µ–ª–∏—Ä–æ–≤–∞–Ω–∞  –ü–æ –≤—Å–µ–º –≤–æ–ø—Ä–æ—Å–∞–º –ø–∏—Å–∞—Ç—å : 877006672987"
"AIU Housingüè†","818053590","‚ùóÔ∏è–ê—Å—Ç–∞–Ω–∞ –ò—â–µ–º 2 –¥–µ–≤—É—à–µ–∫ –Ω–∞ –ø–æ–¥—Å–µ–ª–µ–Ω–∏–µ –≤ –¥–≤—É—Ö–∫–æ–º–Ω–∞—Ç–Ω—É—é –∫–≤–∞—Ä—Ç–∏—Ä—É üìç–ñ–ö –ñ–∞—Å–º–∏–Ω 2 (—Ä–∞–π–æ–Ω 7 –ø–æ–ª–∏–∫–ª–∏–Ω–∏–∫–∏, –Ω–µ–¥–∞–ª–µ–∫–æ –æ—Ç –ï–Ω—É) üìç–¶–µ–Ω–∞: 37500 + –∫–æ–º–º.—É—Å–ª—É–≥–∏ üìç–ó–∞–µ–∑–¥ —Å –Ω–∞—á–∞–ª–∞ –∏—é–ª—è –ö–≤–∞—Ä—Ç–∏—Ä–∞ –º–µ–±–µ–ª–∏—Ä–æ–≤–∞–Ω–∞ –ü–æ –≤—Å–µ–º –≤–æ–ø—Ä–æ—Å–∞–º –ø–∏—Å–∞—Ç—å –Ω–∞ Whatsapp: 8 777 214 57 30"
"AIU Housingüè†","818053590","–®.–ö—É–¥–∞–π–±–µ—Ä–¥–∏—É–ª—ã 17/5 (–ñ–ö –ñ–∞—Å–º–∏–Ω-2) –¶–ï–ù–ê: 30.000+–∫–æ–º–º.—É—Å–ª—É–≥–∏(3-4–ö)  üìç–≥.–ê—Å—Ç–∞–Ω–∞ –ò—â–µ–º 2 –¥–µ–≤—É—à–µ–∫ –Ω–∞ –ø–æ–¥—Å–µ–ª–µ–Ω–∏–µ –≤ 2-—Ö –∫–æ–º–Ω–∞—Ç–Ω—É—é –∫–≤–∞—Ä—Ç–∏—Ä—É ‚ÄºÔ∏è–ß–∏—Å—Ç–æ–ø–ª–æ—Ç–Ω–∞—è, –±–µ–∑ –≤—Ä–µ–¥–Ω—ã—Ö –ø—Ä–∏–≤—ã—á–µ–∫, –±–µ–∑ –∂–∏–≤–æ—Ç–Ω—ã—Ö, –Ω–µ –∫–æ–Ω—Ñ–ª–∏–∫—Ç–Ω–∞—è –∏ –ø–ª–∞—Ç—ë–∂–µ—Å–ø–æ—Å–æ–±–Ω–∞—è üì≤ 8 775 426 81 31  üìåüìå–ó–∞–µ–∑–¥ —Å 28 –∏—é–Ω—è"
"AIU Housingüè†","1593148790","–í—Å–µ–º –ø—Ä–∏–≤–µ–µ–µ—Ç 1 “õ—ã–∑ –∫–µ—Ä–µ–∫  –°–∞—Ä–∞–π—à—ã“õ 7/1  –ê–π—ã–Ω–∞ 30–∫+ –∫–æ–º 2 –±”©–ª–º–µ–ª—ñ –£–Ω–∏–≤–µ—Ä–≥–µ –ø–µ—à–∫–æ–º 15–º–∏–Ω 4 –∞–≤—Ç–æ–±—É—Å –±–∞—Ä–∞–¥—ã: 18,52,121 –í–∞–π —Ñ–∞–π –±–∞—Ä‚úÖ –ë–∞—Ä–ª—ã“õ —É–¥–æ–±—Å—Ç–≤–æ –±–∞—Ä,  —Å“±—Ä–∞“õ—Ç–∞—Ä—ã“£ –±–æ–ª—Å–∞ –ª—Å –∂–∞–∑—ã“£–¥–∞—Ä"
"AIU Housingüè†","7119140820","–°—Ä–æ—á–Ω–æ –ò—â—É –Ω–∞ –ø–æ–¥—Å–µ–ª–µ–Ω–∏–µ 1 –¥–µ–≤—É—à–∫—É. –í–æ–∑—Ä–∞—Å—Ç –æ—Ç  18‚Äî25. –ö–≤–∞—Ä—Ç–∏—Ä–∞ —É—é—Ç–Ω–∞—è —Ä—è–¥–æ–º –µ—Å—Ç—å –ê—Å—Ç–∞–Ω–∞ –º–æ–ª–ª –∏ –†–µ—Å—Ç–æ—Ä–∞–Ω –¢—É—Ä–∞–Ω.  –ê–¥—Ä–µ—Å –¢–∞—É–µ–ª—Å–∏–∑–¥–∏–∫ 34/10. 87471621930 –ø–∏—Å–∞—Ç—å –Ω–∞ —ç—Ç–æ—Ç –Ω–æ–º–µ—Ä. –ó–∞–µ–∑–¥ —Å–µ–≥–æ–¥–Ω—è"
"AIU Housingüè†","818053590","–ì.–ê—Å—Ç–∞–Ω–∞  –ü–æ–π–¥—É –Ω–∞ –ø–æ–¥—Å–µ–ª–µ–Ω–∏–µ –∫ –¥–µ–≤—É—à–∫–∞–º . –ì–ª–∞–≤–Ω–æ–µ –±–µ–∑ —Ç–æ–ª–ø—ã –≤ –∫–≤–∞—Ä—Ç–∏—Ä–µ. –†–∞–π–æ–Ω –ï–Ω—É –∏–ª–∏ —Ä–∞—Å—Å–º–∞—Ç—Ä–∏–≤–∞—é –≤–∞—Ä–∏–∞–Ω—Ç—ã –ª–µ–≤–æ–≥–æ –±–µ—Ä–µ–≥–∞ –¥–æ –ê–±—É –î–∞–±–∏ . –í –∫–≤–∞—Ä—Ç–∏—Ä–µ –¥–æ–ª–∂–Ω–æ –±—ã—Ç—å –≤—Å–µ –Ω–µ–æ–±—Ö–æ–¥–∏–º–æ–µ, —Å —Ä–µ–º–æ–Ω—Ç–æ–º, –∏ —Å –º–µ–±–µ–ª—å—é, –µ—Å–ª–∏ –µ—Å—Ç—å –∂–∏–≤–æ—Ç–Ω—ã–µ —Ç–æ –Ω–µ –ø—Ä–æ—Ç–∏–≤ . –Ø –Ω–µ –∫–æ–Ω—Ñ–ª–∏–∫—Ç–Ω–∞—è , —á–∏—Å—Ç–æ–ø–ª–æ—Ç–Ω–∞—è , —Ä–∞–±–æ—Ç–∞—é , –∏—â—É —Å–æ—Å–µ–¥–æ–∫ —Ç–∞–∫–∏—Ö –∂–µ . –¶–µ–Ω–∞ –¥–æ 160.000 —Ç—ã—Å .–§–æ—Ç–æ –ø—Ä–∏—Å—ã–ª–∞—Ç—å –Ω–∞ –≤–∞—Ç—Å–∞–ø  +7¬†778¬†169¬†3704"
"AIU Housingüè†","6132121249","–∏—â–µ–º –¥–≤—É—Ö –¥–µ–≤—É—à–µ–∫ –Ω–∞ –ø–æ–¥—Å–µ–ª–µ–Ω–∏–µ –≤ –æ–¥–Ω—É –∫–æ–º–Ω–∞—Ç—É (–∫–≤–∞—Ä—Ç–∏—Ä–∞ 2—Ö –∫–æ–º–Ω–∞—Ç–Ω–∞—è, –≤ –¥—Ä—É–≥–æ–π —É–∂–µ –ø—Ä–æ–∂–∏–≤–∞—é—Ç 2 –¥–µ–≤—É—à–∫–∏)  —Å 1 –∏—é–ª—è  —Ä–∞–π–æ–Ω –µ–≤—Ä–∞–∑–∏–∏  –æ–ø–ª–∞—Ç–∞ 37,500 + –∫–æ–º  –¥–ª—è –¥–æ–ø –∏–Ω—Ñ–æ—Ä–º–∞—Ü–∏–∏, —Ñ–æ—Ç–æ –ø–∏—à–∏—Ç–µ –≤ –ª–∏—á–∫—É"
"AIU Housingüè†","967171153","–∏—â–µ–º –∫–≤–∞—Ä—Ç–∏—Ä—É –Ω–∞ –ø–æ–¥—Å–µ–ª–µ–Ω–∏–µ  –∂–µ–ª–∞—Ç–µ–ª—å–Ω–æ –≤–æ–∑–ª–µ –∞–±—É –¥–∞–±–∏ –∏–ª–∏ –≤ —Ü–µ–Ω—Ç—Ä–µ  2 –¥–µ–≤—É—à–∫–∏  —á–∏—Å—Ç–æ–ø–ª–æ—Ç–Ω—ã–µ, –ø–ª–∞—Ç–µ–∂–µ—Å–ø–æ—Å–æ–±–Ω—ã–µ.  –ø—Ä–∏–º–µ—Ä–Ω–æ –º–æ–∂–µ–º 40–∫ -+"
"AIU Housingüè†","1930599565","–∏—â—É –æ–¥–Ω—É –¥–µ–≤–æ—á–∫—É –Ω–∞ –ø–æ–¥—Å–µ–ª–µ–Ω–∏–µüè† –∫–≤ 2-—Ö –∫–æ–º–Ω –Ω–∞ 2-3 –º–µ—Å—è—Ü–∞ –∑–∞–µ–∑–¥ —Å 16-17 –∏—é–Ω—è 45–∫ (–∫–æ–º. —É—Å–ª—É–≥–∏ –≤—Ö–æ–¥—è—Ç) –∫–≤ –Ω–∞—Ö–æ–¥–∏—Ç—Å—è –Ω–∞ —Å–∞—Ä–∞–π—à—ã–∫"
"AIU Housingüè†","818053590","–ò—â—É –Ω–∞ –ø–æ–¥—Å–µ–ª–µ–Ω–∏–µ 2-3 –¥–µ–≤—É—à–µ–∫. 2 - –∫–æ–º–Ω–∞—Ç–Ω–∞—è –∫–≤–∞—Ä—Ç–∏—Ä–∞ . –ø—Ä–∏—Å—É—Ç—Å—Ç–≤—É–µ—Ç –≤—Å–µ –¥–ª—è —É–¥–æ–±–Ω–æ–≥–æ –ø—Ä–æ–∂–∏–≤–∞–Ω–∏—è. –ö–≤–∞—Ä—Ç–∏—Ä–∞ –Ω–∞—Ö–æ–¥–∏—Ç—Å—è –ø–æ –∞–¥—Ä–µ—Å—É –ò–ª—å—è—Å –û–º–∞—Ä–æ–≤–∞, 2. –° 1 –¥–µ–≤—É—à–∫–∏ 60 —Ç—ã—Å—è—á + –∫–æ–º —É—Å–ª—É–≥–∏. –ü–∏—Å–∞—Ç—å –º–æ–∂–µ—Ç–µ –≤ –ª–∏—á–∫—É –Ω–∞ –≤–∞—Ç—Å–∞–ø 7024310909 –¢–≥ @Bb212000"
"AIU Housingüè†","818053590","–ê–°–¢–ê–ù–ê.   –ò—â—É 1 –¥–µ–≤—É—à–∫—É –Ω–∞ –ø–æ–¥—Å–µ–ª–µ–Ω–∏–µ –≤ –æ–¥–Ω–æ–∫–æ–º–Ω–∞—Ç–Ω—É—é –∫–≤–∞—Ä—Ç–∏—Ä—É –Ω–∞ –ª–µ—Ç–æ. –ñ–µ–ª–∞—Ç–µ–ª—å–Ω–æ —á–∏—Å—Ç–æ–ø–ª–æ—Ç–Ω—É—é –∏ –Ω–µ–∫–æ–Ω—Ñ–ª–∏–∫—Ç–Ω—É—é. –ö—É—Ö–Ω—è –∏–∑–æ–ª–∏—Ä—É–µ—Ç—Å—è. –ï—Å—Ç—å –≤—Å–µ —É–¥–æ–±—Å—Ç–≤–∞, –∫–≤–∞—Ä—Ç–∏—Ä–∞ —Ç–µ–ø–ª–∞—è –∏ —É—é—Ç–Ω–∞—è. –ú–µ–≥–∞ –≤ 5 –º–∏–Ω—É—Ç–∞—Ö, —Ä—è–¥–æ–º —ç–∫—Å–ø–æ –∏ –±–æ—Ç–∞–Ω–∏—á–µ—Å–∫–∏–π –ø–∞—Ä–∫. –ï—Å—Ç—å –¥–≤–∞ —Ä–∞—Å–∫—Ä—ã–≤–∞—é—â–∏—Ö—Å—è –¥–∏–≤–∞–Ω–∞ –∏ –º–∞—Ç—Ä–∞—Å. –ü–æ –≤–æ–ø—Ä–æ—Å–∞–º –∏ —Ñ–æ—Ç–∫–∞–º –º–æ–∂–µ—Ç–µ –ø–∏—Å–∞—Ç—å –≤ –ª–∏—á–∫—É.   –ñ–∫ —ç–∫—Å–ø–æ –±—É–ª—å–≤–∞—Ä. –ê—Ä–µ–Ω–¥–∞ 160–∫, –±—É–¥–µ–º –∂–∏—Ç—å –≤–¥–≤–æ–µ–º, –æ–ø–ª–∞—Ç–∞ 80–∫ + –∫–æ–º–º —É—Å–ª—É–≥–∏. @grayscale3"
"AIU Housingüè†","1747319687","–ò—â—É –∫–≤–∞—Ä—Ç–∏—Ä—É –Ω–∞ –ø–æ–¥—Å–µ–ª–µ–Ω–∏–µ –û —Å–µ–±–µ, AIU 19 –ª–µ—Ç  –ö —á–∏—Å—Ç–æ—Ç–µ —Ö–æ—Ä–æ—à–æ, –Ω–µ –∫–æ–Ω—Ñ–ª–∏–∫—Ç–Ω–∞—è –∏ –¥–∞–∂–µ  –Ω–µ –æ–±–∏–¥—á–∏–≤–∞—è. –†–∞–±–æ—Ç–∞—é, –¥–æ–º–∞ —á—Ç–æ –±—ã —Å–ø–∞—Ç—å  –ñ–µ–ª–∞—Ç–µ–ª—å–Ω–æ —Ä–∞–π–æ–Ω –†–µ—Å–ø—É–±–ª–∏–∫–∏ –∏–ª–∏ –ï—Å–∏–ª—å—Å–∫–∏–π —Ä—è–¥–æ–º —Å –•–∞–Ω-–®–∞—Ç—ã—Ä. –í–∞–∂–Ω–æ: –ö—É—Ö–Ω—è –æ—Ç–¥–µ–ª—å–Ω–æ –æ—Ç —Å–ø–∞–ª—å–Ω–æ–π –∑–æ–Ω—ã  (–ï—Å—Ç—å —Å–≤–æ—è –∫—Ä–æ–≤–∞—Ç—å –∏ –º–µ–±–µ–ª—å) –û–ø–ª–∞—Ç–∞ 60-70 —Ç—ã—Å  –ó–∞–µ–∑–¥ 15-16 –∏—é–Ω—è ü§ç"
"AIU Housingüè†","818053590","üìç–ê—Å—Ç–∞–Ω–∞  –ò—â—É –æ–¥–Ω—É/–¥–≤–µ –¥–µ–≤—É—à–µ–∫ –¥–ª—è —Å–æ–≤–º–µ—Å—Ç–Ω–æ–≥–æ –ø—Ä–æ–∂–∏–≤–∞–Ω–∏—è –≤ 1-–∫–æ–º–Ω –∫–≤–∞—Ä—Ç–∏—Ä–µ. –ö–≤–∞—Ä—Ç–∏—Ä–∞ –≤ –ñ–ö Dastur-5, –Ω–æ–≤–∞—è, —Å–≤–µ—Ç–ª–∞—è, —Å —Ä–µ–º–æ–Ω—Ç–æ–º, –º–µ–±–ª–∏—Ä–æ–≤–∞–Ω–Ω–∞—è —á–∞—Å—Ç–∏—á–Ω–æ (–Ω–æ –¥–ª—è –∂–∏–∑–Ω–∏ –≤—Å–µ –µ—Å—Ç—å). –†–∞–π–æ–Ω NU, Expo, Mega silk way (–ø–µ—Ä–µ—Å–µ—á–µ–Ω–∏–µ –¢—É—Ä–∞–Ω-–£–ª—ã –¥–∞–ª–∞)  –û–ø–ª–∞—Ç–∞: 65–∫+ –∫–æ–º –µ—Å–ª–∏ –¥–≤–æ–µ, –µ—Å–ª–∏ –æ–¥–Ω–∞, —Ç–æ 80–∫ + –∫–æ–º. –ó–∞–µ–∑–¥ –≤ –±–ª–∏–∂–∞–π—à–µ–µ –≤—Ä–µ–º—è. –û–±—Ä–∞—â–∞—Ç—å—Å—è https://t.me/Zharlgapova_Aida"
"AIU Housingüè†","402148586","–ê–°–¢–ê–ù–ê –∏—â—É –¥–µ–≤—É—à–∫—É –Ω–∞ –ø–æ–¥—Å–µ–ª–µ–Ω–∏–µ –≤ 1-–∫–æ–º –∫–≤–∞—Ä—Ç–∏—Ä—É, —Ä—è–¥–æ–º –±–æ–ª—å—à–æ–π –ú–∞–≥–Ω—É–º –ø–æ –¢—É—Ä–∞–Ω—É  –≤ –∫–≤–∞—Ä—Ç–∏—Ä–µ –µ—Å—Ç—å –≤—Å—ë –Ω–µ–æ–±—Ö–æ–¥–∏–º–æ–µ –¥–ª—è –ø—Ä–æ–∂–∏–≤–∞–Ω–∏—è‚ÄºÔ∏è  üí∏ –∑–∞–µ–∑–¥ –≤ –ª—é–±–æ–π –¥–µ–Ω—å, –æ–ø–ª–∞—Ç–∞ 80–∫+–∫–æ–º—É–Ω–∞–ª–∫–∞  –ø–æ–¥—Ä–æ–±–Ω–æ—Å—Ç–∏ @ane1yah"
"AIU Housingüè†","1326238055","–ò—â—É –¥–µ–≤–æ—á–µ–∫ –¥–ª—è —Å–æ–≤–º–µ—Å—Ç–Ω–æ–≥–æ –ø—Ä–æ–∂–∏–≤–∞–Ω–∏—è  –ñ–∏–≤—É –æ–¥–Ω–∞, –∏—â—É 3–∏—Ö ( –ø–æ–¥—Ä—É–≥–∏, —Å–µ—Å—Ç—Ä—ã)  –ê–¥—Ä–µ—Å: –†–æ–∑–∞ –ë–∞–≥–ª–∞–Ω–æ–≤–∞ 6 –° 18 –ª–µ—Ç, —á–∏—Å—Ç–æ–ø–ª–æ—Ç–Ω—ã–µ, –ø–ª–∞—Ç–µ–∂–µ—Å–ø–æ—Å–æ–±–Ω—ã–µ, —Ä–∞–±–æ—Ç–∞—é—â–∏–µ  –ö–≤ —Å–≤–µ—Ç–ª–∞—è, –≤—Å–µ —É–¥–æ–±—Å—Ç–≤–æ –µ—Å—Ç—å    –†—è–¥–æ–º –µ—Å—Ç—å –±–æ–ª—å—à–æ–π —Å–º–æ–ª–ª  –û–ø–ª–∞—Ç–∞:37500( –∫–æ–º –æ—Ç–¥–µ–ª—å–Ω–æ)"
"AIU Housingüè†","818053590","–ê—Å—Ç–∞–Ω–∞, —Ä–∞–π–æ–Ω –ë–æ—Ç–∞–Ω–∏—á–µ—Å–∫–∏–π, –õ–î –ê–ª–∞—É   —Å—Ä–æ—á–Ω–æ —â—É –¥–µ–≤—É—à–∫—É –Ω–∞ –ø–æ–¥—Å–µ–ª–µ–Ω–∏–µ, 20-25 –ª–µ—Ç, –±–µ–∑ –≤—Ä–µ–¥–Ω—ã—Ö –ø—Ä–∏–≤—ã—á–µ–∫, —á–∏—Å—Ç–æ–ø–ª–æ—Ç–Ω–∞—è, –ø–ª–∞—Ç–µ–∂–µ—Å–ø–æ—Å–æ–±–Ω–∞—è!   –ù–æ–≤—ã–π –ñ–ö –∫–æ–º—Ñ–æ—Ä—Ç+ –∫–ª–∞—Å—Å–∞, —É—é—Ç–Ω–∞—è –ø—Ä–æ—Å—Ç–æ—Ä–Ω–∞—è –∫–≤–∞—Ä—Ç–∏—Ä–∞, —Å–≤–µ–∂–∏–π —Ä–µ–º–æ–Ω—Ç, –∂–∏—Ç—å –±—É–¥–µ—Ç–µ –≤ –æ—Ç–¥–µ–ª—å–Ω–æ–π –∫–æ–º–Ω–∞—Ç–µ. –í—Å–µ –Ω–µ–æ–±—Ö–æ–¥–∏–º–æ–µ –∏–º–µ–µ—Ç—Å—è.   –û–ø–ª–∞—Ç–∞ 110.000 (–∫–æ–º. —É—Å–ª—É–≥–∏, –∏–Ω—Ç–µ—Ä–Ω–µ—Ç –≤—Ö–æ–¥—è—Ç –≤ —Å—Ç–æ–∏–º–æ—Å—Ç—å)   –ø–∏—à–∏—Ç–µ @a03kz"
"AIU Housingüè†","713819068","–ò—â–µ–º 1 –¥–µ–≤—É—à–∫—É –Ω–∞  –ø–æ—Å–ª–µ–¥–µ–Ω–∏–µ –≤ –¥–≤—É—Ö –∫–æ–º–Ω–∞—Ç–Ω—É—é —Å—Ç—É–¥–∏—é –ó–∞–µ–∑–¥ –±–ª–∏–∂–µ –∫ 17 —á–∏—Å–ª—É  –õ–µ–≤—ã–π –±–µ—Ä–µ–≥ –¢—É—Ä–∞–Ω 55–∫  –û–ø–ª–∞—Ç–∞: 50.000 —Å –∫–æ–ø–µ–π–∫–∞–º–∏ (–∫–æ–º. –£—Å–ª—É–≥–∏ –∏ –∏–Ω—Ç–µ—Ä–Ω–µ—Ç –≤–∫–ª—é—á–µ–Ω—ã) –ñ–∫ —Å–µ–∑–∏–º –∫–∞–ª–∞ –†—è–¥–æ–º –≤ —à–∞–≥–æ–≤–æ–π –¥–æ—Å—Ç—É–ø–Ω–æ—Å—Ç–∏ —Å—É–ø–µ—Ä–º–∞—Ä–∫–µ—Ç –º–∞–≥–Ω—É–º, –±–æ—Ç–∞–Ω–∏—á–µ—Å–∫–∏–π –ø–∞—Ä–∫, –±–∞—Ä—ã—Å –∞—Ä–µ–Ω–∞ –∏ —Ç–¥.  –ò—â–µ–º —á–∏—Å—Ç–æ–ø–ª–æ—Ç–Ω—É—é, –ø–∞–ª–µ—Ç–µ–∂–µ—Å–ø–æ—Å–æ–±–Ω—É—é  –ü–æ –≤—Å–µ–º –≤–æ–ø—Ä–æ—Å–∞–º –ø–∏—Å–∞—Ç—å –≤ –ª—Å"
"AIU Housingüè†","1122912801","–≤—Å–µ–º –ø—Ä–∏–≤–µ—Ç, –∏—â–µ–º –¥–µ–≤—É—à–µ–∫ –Ω–∞ –ø–æ–¥—Å–µ–ª–µ–Ω–∏–µ, –Ω–∞ 2 –º–µ—Å—è—Ü–∞, –∫–≤–∞—Ä—Ç–∏—Ä–∞ –Ω–∞—Ö–æ–¥–∏—Ç—Å—è —Ä—è–¥–æ–º —Å –∫–µ—Ä—É–µ–Ω, –∞–±—É –¥–∞–±–∏ –ø–ª–∞–∑–∞(—Ä–∞—Å–ø–æ–ª–æ–∂–µ–Ω –≤ —Ü–µ–Ω—Ç—Ä–µ). –¥–≤—É—Ö–∫–æ–º–Ω–∞—Ç–Ω–∞—è , –∫–≤–∞—Ä—Ç–∏—Ä–∞ —á–∏—Å—Ç–∞—è.  –∫–æ–Ω—Ç–∞–∫—Ç–Ω—ã–π –Ω–æ–º–µ—Ä: 87084019043"
"AIU Housingüè†","5360811773","–≤—Å–µ–º –ø—Ä–∏–≤–µ—Ç,—Å –ø–æ–¥—Ä—É–≥–æ–π –∏—â–µ–º –∫ –∫–æ–º—É –º–æ–∂–Ω–æ –ø–æ–¥—Å–µ–ª–∏—Ç—å—Å—è,—Å 26 –∏—é–Ω—è –¥–æ 20-22 –∏—é–ª—è,–¥–æ –æ–∫–æ–Ω—á–∞–Ω–∏—è –ª–µ—Ç–Ω–∏–∫–∞,–µ—Å–ª–∏ —á—Ç–æ –ø—Ä–∏—Å—ã–ª–∞–π—Ç–µ –≤–∞—Ä–∏–∞–Ω—Ç—ã –≤ –ª—Å"
"AIU Housingüè†","818053590","–ò—â—É –∫ –∫–æ–º—É –º–æ–∂–Ω–æ –ø–æ–¥—Å–µ–ª–∏—Ç—å—Å—è, –¥–µ–≤—É—à–∫–∞ üìå–ú–Ω–µ 22 –≥–æ–¥–∞, –ø–ª–∞—Ç–µ–∂–µ—Å–ø–æ—Å–æ–±–Ω–∞—è, –Ω–µ–∫–æ–Ω—Ñ–ª–∏–∫—Ç–Ω–∞—è, –±–µ–∑ –≤—Ä–µ–¥–Ω—ã—Ö –ø—Ä–∏–≤—ã—á–µ–∫.  üìå –∂–µ–ª–∞—Ç–µ–ª—å–Ω–æ —Ä–∞–π–æ–Ω —ç–∫—Å–ø–æ, –±–æ—Ç–∞–Ω–∏—á–µ—Å–∫–æ–≥–æ —Å–∞–¥–∞ –ª–∏–±–æ –±–∞–π—Ç–µ—Ä–µ–∫ üìå –±—é–¥–∂–µ—Ç –¥–æ 75-80–∫ üìå —Ä–∞—Å—Å–º–∞—Ç—Ä–∏–≤–∞—é –æ–¥–Ω–æ–∫–æ–º–Ω–∞—Ç–Ω—É—é –∫–≤–∞—Ä—Ç–∏—Ä—É –≥–¥–µ –±—É–¥–µ–º –∂–∏—Ç—å –≤–¥–≤–æ–µ–º, –ª–∏–±–æ –≤—Ç—Ä–æ–µ–º –Ω–æ –≤ 2-—Ö –∫–æ–º–Ω–∞—Ç–Ω–æ–π –∫–≤.  –¢–µ–ª–µ–≥—Ä–∞–º: @knbvssl"
"AIU Housingüè†","1291495292","–í—Å–µ–º –ø—Ä–∏–≤–µ—Ç)  –ï—Å—Ç—å –∫—Ç–æ –∏—â–µ—Ç —Å–µ–π—á–∞—Å –∫–≤–∞—Ä—Ç–∏—Ä—É? –ò—â–µ–º –¥–≤—É—Ö –¥–µ–≤–æ—á–µ–∫ –Ω–∞ –ø–æ–¥—Å–µ–ª–µ–Ω–∏–µ —Å 12 –∏—é–Ω—è, –ø–ª–∞—Ç–µ–∂–µ—Å–ø–æ—Å–æ–±–Ω—ã—Ö –∏ —á–∏—Å—Ç–æ–ø–ª–æ—Ç–Ω—ã—Ö  –ê–¥—Ä–µ—Å: –ò–º–∞–Ω–æ–≤–∞ 1, –∫–≤–∞—Ä—Ç–∏—Ä–∞ 2-–∫–æ–º–Ω–∞—Ç–Ω–∞—è. –ñ–∏—Ç—å –±—É–¥–µ–º –≤—á–µ—Ç–≤–µ—Ä–æ–º (4 –¥–µ–≤–æ—á–∫–∏) –ö–≤–∞—Ä—Ç–∏—Ä–∞ –Ω–∞—Ö–æ–¥–∏—Ç—Å—è –Ω–µ –¥–∞–ª–µ–∫–æ –æ—Ç –Ω–∞–±–µ—Ä–µ–∂–Ω–æ–π, 2-3 –º–∏–Ω—É—Ç—ã –ø–µ—à–∫–æ–º. –¢–∞–∫–∂–µ –±–ª–∏–∑–∫–æ –∫ –æ—Å–Ω–æ–≤–Ω–æ–º—É –∫–æ—Ä–ø—É—Å—É –∏ –∫ 4 —Ç–æ–∂–µ  –¶–µ–Ω–∞: 45.000"
"AIU Housingüè†","1215530213","–í—Å–µ–º –ø—Ä–∏–≤–µ—Ç  –ò—â—É –∫–≤–∞—Ä—Ç–∏—Ä—É –Ω–∞ –ø–æ–¥—Å–µ–ª–µ–Ω–∏–µ  –ù–∞ –ª–µ–≤–æ–º –±–µ—Ä–µ–≥—É (–ø—Ä–∏–æ—Ä–∏—Ç–µ—Ç–Ω–æ –≤ —Ä–∞–π–æ–Ω–µ –µ—Ö—Ä–æ,–±–æ—Ç–∞–Ω–∏—á–µ—Å–∫–∏–π —Å–∞–¥)  –î–æ 60-70–ö"
"AIU Housingüè†","5249996685","–ù—É–∂–Ω–∞ –∫–≤–∞—Ä—Ç–∏—Ä–∞ 1-2 –∫–æ–º–Ω–∞—Ç–Ω—ã–µ, –≤ –≥–æ—Ä–æ–¥–µ –ê—Å—Ç–∞–Ω–∞, –≤ –ø—Ä–µ–¥–µ–ª–∞—Ö 100.000-110.000 —Ç–µ–Ω–≥–µ. –ë—É–¥—É—Ç –∂–∏—Ç—å –¥–≤–æ—è –ø–∞—Ä–Ω–µ–π.  –ù–µ—Ç –≤—Ä–µ–¥–Ω—ã—Ö –ø—Ä–∏–≤—ã—á–µ–∫, –ø–ª–∞—Ç—ë–∂–µ—Å–ø–æ—Å–æ–±–Ω—ã–µ."
"AIU Housingüè†","818053590","–°–¥–∞–º 1-–∫–æ–º–Ω–∞—Ç–Ω—É—é –∫–≤–∞—Ä—Ç–∏—Ä—É, –∂–µ–ª–∞—Ç–µ–ª—å–Ω–æ –æ–¥–Ω–æ–º—É —á–µ–ª–æ–≤–µ–∫—É  –ñ–ö –ö–æ–ª—å—Å–∞–π (–∫–∏—Ä–ø–∏—á–Ω—ã–π –¥–æ–º –∫–æ–º—Ñ–æ—Ä—Ç-–∫–ª–∞—Å—Å–∞), –µ—Å—Ç—å —Å–≤–æ—è –Ω–∞–±–µ—Ä–µ–∂–Ω–∞—è, –±–µ–≥–æ–≤–∞—è –¥–æ—Ä–æ–∂–∫–∞, —É–¥–æ–±–Ω–∞—è —Ä–∞–∑–≤—è–∑–∫–∞ –∏ –Ω–∞ –ø—Ä–∞–≤—ã–π, –∏ –Ω–∞ –ª–µ–≤—ã–π –±–µ—Ä–µ–≥  –•–æ—Ä–æ—à–∏–π —Ä–µ–º–æ–Ω—Ç, –∫—Ä–∞—Å–∏–≤—ã–µ –ø–æ–¥—Å–≤–µ—Ç–∫–∏ –ø–æ –≤—Å–µ–π –∫–≤–∞—Ä—Ç–∏—Ä–µ, –≤—Å–µ —Ä–∞–±–æ—á–µ–µ, –µ—Å—Ç—å –Ω–µ–æ–±—Ö–æ–¥–∏–º–∞—è —Ç–µ—Ö–Ω–∏–∫–∞, –∫—Ä–∞—Å–∏–≤—ã–π –≤–∏–¥ –∏–∑ –æ–∫–Ω–∞   9 —ç—Ç–∞–∂ –∏–∑ 12  160–ö + –∫–æ–º. —É—Å–ª—É–≥–∏  87052665650"
"AIU Housingüè†","1291495292","–í—Å–µ–º –ø—Ä–∏–≤–µ—Ç, –µ—Å—Ç—å –∫—Ç–æ –∏—â–µ—Ç –¥–µ–≤–æ—á–µ–∫ –Ω–∞ –ø–æ–¥—Å–µ–ª–µ–Ω–∏–µ? –° 12-13 –∏—é–Ω—è. –ù–∞—Å –¥–≤–µ –¥–µ–≤–æ—á–∫–∏"
"AIU Housingüè†","735650008","–≤—Å–µ–º –ø—Ä–∏–≤–µ—Ç üëãüèø ,–∏—â—É –∫–≤–∞—Ä—Ç–∏—Ä—É –∫ –∫–æ–º—É –º–æ–∂–Ω–æ –±—É–¥–µ—Ç –ø–æ–¥—Å–µ–ª–∏—Ç—å—Å—è —Å –∑–∞–≤—Ç—Ä–∞—à–Ω–µ–≥–æ –¥–Ω—è –ø–æ 12 –∏—é–Ω—è –¥–æ –æ–∫–æ–Ω—á–∞–Ω–∏—è –ø—Ä–∞–∫—Ç–∏–∫–∏,–º–æ–≥—É –æ–ø–ª–∞—Ç–∏—Ç—å 50–∫ –∑–∞ 8 —Å—É—Ç–æ–∫"
"AIU Housingüè†","402148586","–≤—Å–µ–º –ø—Ä–∏–≤–µ—Ç! –ê–°–¢–ê–ù–ê - –∏—â—É –¥–µ–≤—É—à–∫—É –Ω–∞ –ø–æ–¥—Å–µ–ª–µ–Ω–∏–µ –≤ 1-–∫–æ–º –∫–≤–∞—Ä—Ç–∏—Ä—É, —Ä—è–¥–æ–º –±–æ–ª—å—à–æ–π –ú–∞–≥–Ω—É–º –ø–æ –¢—É—Ä–∞–Ω—É  –±—É–¥–µ–º –∂–∏—Ç—å –≤–¥–≤–æ–µ–º, –≤ –∫–≤–∞—Ä—Ç–∏—Ä–µ –µ—Å—Ç—å –≤—Å—ë –Ω–µ–æ–±—Ö–æ–¥–∏–º–æ–µ –¥–ª—è –ø—Ä–æ–∂–∏–≤–∞–Ω–∏—è‚ÄºÔ∏è  üí∏ –∑–∞–µ–∑–¥ –≤ –ª—é–±–æ–π –¥–µ–Ω—å, –æ–ø–ª–∞—Ç–∞ 80–∫+–∫–æ–º—É–Ω–∞–ª–∫–∞  –ø–æ–¥—Ä–æ–±–Ω–æ—Å—Ç–∏ @ane1yah / 87770831121"
"AIU Housingüè†","1291495292","–í—Å–µ–º –ø—Ä–∏–≤–µ—Ç)  –ï—Å—Ç—å –∫—Ç–æ –∏—â–µ—Ç —Å–µ–π—á–∞—Å –∫–≤–∞—Ä—Ç–∏—Ä—É? –ò—â–µ–º –¥–≤—É—Ö –¥–µ–≤–æ—á–µ–∫ –Ω–∞ –ø–æ–¥—Å–µ–ª–µ–Ω–∏–µ —Å 9-10 –∏—é–Ω—è, –ø–ª–∞—Ç–µ–∂–µ—Å–ø–æ—Å–æ–±–Ω—ã—Ö –∏ —á–∏—Å—Ç–æ–ø–ª–æ—Ç–Ω—ã—Ö  –ê–¥—Ä–µ—Å: –ò–º–∞–Ω–æ–≤–∞ 1, –∫–≤–∞—Ä—Ç–∏—Ä–∞ 2-–∫–æ–º–Ω–∞—Ç–Ω–∞—è. –ñ–∏—Ç—å –±—É–¥–µ–º –≤—á–µ—Ç–≤–µ—Ä–æ–º (4 –¥–µ–≤–æ—á–∫–∏) –ö–≤–∞—Ä—Ç–∏—Ä–∞ –Ω–∞—Ö–æ–¥–∏—Ç—Å—è –Ω–µ –¥–∞–ª–µ–∫–æ –æ—Ç –Ω–∞–±–µ—Ä–µ–∂–Ω–æ–π, 2-3 –º–∏–Ω—É—Ç—ã –ø–µ—à–∫–æ–º. –¢–∞–∫–∂–µ –±–ª–∏–∑–∫–æ –∫ –æ—Å–Ω–æ–≤–Ω–æ–º—É –∫–æ—Ä–ø—É—Å—É –∏ –∫ 4 —Ç–æ–∂–µ  –¶–µ–Ω–∞: 45.000"
"AIU Housingüè†","920848717","–î–æ–±—Ä—ã–π –≤–µ—á–µ—Ä)  –ò—â–µ–º –¥–≤—É—Ö –¥–µ–≤–æ—á–µ–∫ –Ω–∞ –ø–æ–¥—Å–µ–ª–µ–Ω–∏–µ —Å 9-10 –∏—é–Ω—è, –ø–ª–∞—Ç–µ–∂–µ—Å–ø–æ—Å–æ–±–Ω—ã—Ö –∏ —á–∏—Å—Ç–æ–ø–ª–æ—Ç–Ω—ã—Ö  –ê–¥—Ä–µ—Å: –ò–º–∞–Ω–æ–≤–∞ 1, –∫–≤–∞—Ä—Ç–∏—Ä–∞ 2-–∫–æ–º–Ω–∞—Ç–Ω–∞—è. –ñ–∏—Ç—å –±—É–¥–µ–º –≤—á–µ—Ç–≤–µ—Ä–æ–º (4 –¥–µ–≤–æ—á–∫–∏) –ö–≤–∞—Ä—Ç–∏—Ä–∞ –Ω–∞—Ö–æ–¥–∏—Ç—Å—è –Ω–µ –¥–∞–ª–µ–∫–æ –æ—Ç –Ω–∞–±–µ—Ä–µ–∂–Ω–æ–π, 2-3 –º–∏–Ω—É—Ç—ã –ø–µ—à–∫–æ–º. –¢–∞–∫–∂–µ –±–ª–∏–∑–∫–æ –∫ –æ—Å–Ω–æ–≤–Ω–æ–º—É –∫–æ—Ä–ø—É—Å—É –∏ –∫ 4 —Ç–æ–∂–µ  –¶–µ–Ω–∞: 45.000"
"AIU Housingüè†","1188857318","–ü–æ–¥—Å–µ–ª–µ–Ω–∏–µ–≥–µ 1 “õ—ã–∑ —ñ–∑–¥–µ–π–º—ñ–Ω. –ß–∏—Å—Ç–æ–ø–ª–æ—Ç–Ω–∞—è, –Ω–µ–∫–æ–Ω—Ñ–ª–∏–∫—Ç–Ω–∞—è, –ø–ª–∞—Ç–µ–∂–µ—Å–ø–æ—Å–æ–±–Ω–∞—è –±–æ–ª—Å–∞. –ñ–∞–∑–¥–∞ —Ç“±—Ä–∞—Ç—ã–Ω–¥–∞–π.   –ñ–ö –ú–∞—Ö–∞–±–±–∞—Ç 2, –û–¥–Ω–æ–∫–æ–º–Ω–∞—Ç–Ω–∞—è –∫–≤–∞—Ä—Ç–∏—Ä–∞, –±—É–¥–µ–º –∂–∏—Ç—å –≤–¥–≤–æ–µ–º. –ï—Å—Ç—å –≤—Å—ë –Ω–µ–æ–±—Ö–æ–¥–∏–º–æ–µ. –û–ø–ª–∞—Ç–∞: 50–∫ (–∫–æ–º—É—Å–ª—É–≥–∞–º–µ–Ω)  –ó–∞ —Ñ–æ—Ç–∫–æ–π –∫–≤–∞—Ä—Ç–∏—Ä—ã –Ω–∞–ø–∏—à–∏—Ç–µ –Ω–∞ –≤–∞—Ç—Å–∞–ø: 8707 141 03 74"
"AIU Housingüè†","1114501054","–î–µ–≤—É—à–∫–∏ –∫–æ–º—É –Ω—É–∂–Ω–∞ —Ä–∞–±–æ—Ç–∞ –ù—É–∂–Ω–∞ –Ω—è–Ω—è –Ω–∞ –ø–æ–ª–Ω—ã–π –¥–µ–Ω—å 6/1 –∑–ø 250000 —Ç–≥  10:00 –¥–æ 19:00 –∫–æ–º—É –∏–Ω—Ç–µ—Ä–µ—Å–Ω–æ –ø–æ–∂–∞–ª—É–π—Å—Ç–∞ –ø–∏—à–∏—Ç–µ –Ω–∞ —ç—Ç–æ—Ç –Ω–æ–º–µ—Ä 87711292133"
"Narxoz [housing search]","7133952612","–ø–æ–¥—Å–µ–ª–µ–Ω–∏–µ–≥–µ –±–∞—Ä–∞–º –¥–µ–≤–æ—á–∫–∞, 18 –ª–µ—Ç, –±–µ–∑ –ø–ª–æ—Ö–∏—Ö –ø—Ä–∏–≤—ã—á–µ–∫ –∫–∞—Å—ã–º–¥–∞–≥—ã –∫—ã–∑–¥–∞—Ä–¥–∞ –Ω–µ –∫—É—Ä—è—â–∏–π –Ω–µ –ø—å—é—â–∏–π –±–æ–ª—Å–∞ –Ω–∞—Ä—Ö–æ–∑–≥–∞ –∂–∞–∫—ã–Ω –∂–µ—Ä–¥–µ–Ω –±–æ–ª—Å–∞"
"Narxoz [housing search]","1081298394","–ò—â–µ–º –æ–¥–Ω—É –¥–µ–≤–æ—á–∫—É –Ω–∞ –ø–æ–¥—Å–µ–ª–µ–Ω–∏–µ.  –ó–∞–µ—Ö–∞—Ç—å –º–æ–∂–Ω–æ —Ö–æ—Ç—å —Å–µ–≥–æ–¥–Ω—è. 2 —Ö –∫–æ–º–Ω–∞—Ç–Ω–∞—è –∫–≤–∞—Ä—Ç–∏—Ä–∞. –ñ–∏—Ç—å –±—É–¥—É—Ç 4 –¥–µ–≤–æ—á–µ–∫. ( —Å –≤–∞–º–∏ ) –í—Å–µ —Ä–∞–±–æ—Ç–∞—é—Ç.  –ê–¥—Ä–µ—Å: –ñ–ö –ö–∞—É—Å–∞—Ä , –∞–ª–º–∞–ª–∏–Ω—Å–∫–∏–π —Ä–∞–π–æ–Ω.  –î–≤–æ—Ä –±–µ–∑–æ–ø–∞—Å–Ω—ã–π , –µ—Å—Ç—å –æ—Ö—Ä–∞–Ω–∞. –ü—Ä–∞–π—Å: 60 000 —Ç–≥ + –∫–æ–º. —É—Å–ª—É–≥–∏"
"Narxoz [housing search]","788257874","–ò—â–µ–º –¥–≤—É—Ö –¥–µ–≤—É—à–µ–∫ –Ω–∞ –ø–æ–¥—Å–µ–ª–µ–Ω–∏–µ –≤ 2-—Ö –∫–æ–º–Ω–∞—Ç–Ω—É—é –∫–≤–∞—Ä—Ç–∏—Ä—É. –í 5 –º–∏–Ω—É—Ç–∞—Ö –ø–µ—à–∫–æ–º –æ—Ç —É–Ω–∏–≤–µ—Ä—Å–∏—Ç–µ—Ç–∞ –ù–∞—Ä—Ö–æ–∑ –ê—Ä–µ–Ω–¥–∞: 50—Ç—ã—Å—è—á —Ç–≥ –≤ –º–µ—Å—è—Ü + –∫–æ–º.—É—Å–ª—É–≥–∏  –ï—Å–ª–∏ –≤–∞—Å –∑–∞–∏–Ω—Ç–µ—Ä–µ—Å–æ–≤–∞–ª–æ, –º–æ–∂–µ—Ç–µ –Ω–∞–ø–∏—Å–∞—Ç—å –Ω–∞ –≤–∞—Ü–∞–ø –ø–æ –Ω–æ–º–µ—Ä—É  8 (705) 408-51-91"
"Narxoz [housing search]","7143618301","–ú–æ–∂–µ—Ç–µ –ø–∏—Å–∞—Ç—å –≤ –≤–∞—Ç—Å–∞–ø –∏–ª–∏ —Ç–µ–ª–µ–≥—Ä–∞–º–º: 87076565496 (–ñ–µ–ª–∞—Ç–µ–ª—å–Ω–æ –∑–∞–≤—Ç—Ä–∞ –¥–æ 10—É—Ç—Ä–∞ –¥–æ–ª–∂–Ω—ã —Å–æ–±–∏—Ä–∞—Ç—å—Å—è –ø–æ–∫–∞ –¥—Ä—É–≥–∏–µ –Ω–µ –≤–∑—è–ª–∏ –∫–≤ üôèüèª)"
"Narxoz [housing search]","7143618301","–ò—â—É 3 –¥–µ–≤—É—à–µ–∫ –Ω–∞ –ø–æ–¥—Å–µ–ª–µ–Ω–∏–µ. –ë—É–¥–µ–º –∂–∏—Ç—å –≤—á–µ—Ç–≤–µ—Ä–æ–º. –ö–≤–∞—Ä—Ç–∏—Ä–∞ 2-–∫–æ–º–Ω–∞—Ç–Ω–∞—è. –í –º–µ—Å—è—Ü 230–ö —Ç–µ–Ω–≥–µ+ –∫–æ–º–º—É–Ω–∞–ª–∫–∏. –° –∫–∞–∂–¥–æ–≥–æ –∏–∑ –Ω–∞—Å –ø–æ 57500+–∫–æ–º—É—Å–ª—É–≥–∏. –ú–∫—Ä-2 —Ä—è–¥–æ–º —Å –ì—Ä–∞–Ω–¥–ø–∞—Ä–∫–æ–º. –†—è–¥–æ–º —Å—É–ø–µ—Ä–º–∞—Ä–∫–µ—Ç—ã, –∞–ø—Ç–µ–∫–∏ –≤—Å–µ –µ—Å—Ç—å. –î–æ —É–Ω–∏–≤–µ—Ä—Å–∏—Ç–µ—Ç–∞ 20-25–º–∏–Ω—É—Ç –Ω–∞ –∞–≤—Ç–æ–±—É—Å–µ.–ö–≤–∞—Ä—Ç–∏—Ä–∞ –ø–æ–ª–Ω–æ—Å—Ç—å—é –º–µ–±–ª–∏—Ä–æ–≤–∞–Ω–∞. –ú–æ–∂–Ω–æ –∑–∞—Å–µ–ª–∏—Ç—å—Å—è —Å 1–∏—é–ª—è –∏–ª–∏ —Ä–∞–Ω—å—à–µ. –¢—Ä–µ–±–æ–≤–∞–Ω–∏—è: –ß–ò–°–¢–û–ü–õ–û–¢–ù–û–°–¢–¨ –ü–õ–ê–¢–ï–ñ–ï–°–ü–û–°–û–ë–ù–û–°–¢–¨ –ù–ï–ö–û–ù–§–õ–ò–ö–¢–ù–û–°–¢–¨"
"Narxoz [housing search]","1635830935","–ò—â–µ–º –æ–¥–Ω–æ–≥–æ –ø–∞—Ü–∞–Ω–∞ –Ω–∞ –ø–æ–¥—Å–µ–ª–µ–Ω–∏–µ.–í –º–µ—Å—è—Ü –≤—ã—Ö–æ–¥–∏—Ç –≥–¥–µ —Ç–æ 50-55–∫,3-—Ö –∫–æ–º–Ω–∞—Ç–Ω–∞—è –∫–≤–∞—Ä—Ç–∏—Ä–∞, –Ω–∞—Ö–æ–¥–∏—Ç—Å—è –Ω–∞ –°–∞—Ç–ø–∞–µ–≤–∞ 30.–ü–æ–¥—Ä–æ–±–Ω–µ–µ –≤ –ª—Å"
"Narxoz [housing search]","6453856414","–ù–∞ –≤—Ç–æ—Ä–æ–π –∫—É—Ä—Å –Ω–µ –ø–µ—Ä–µ–≤–µ–¥—É—Ç, –º–æ–∂–µ—à—å –ø—Ä–æ–π—Ç–∏ –∏—Ö –≤ –æ—Å–µ–Ω–Ω–µ–º —Å–µ–º–µ—Å—Ç—Ä–µ. –¢–æ–≥–¥–∞ –∏ –ø–µ—Ä–µ–≤–µ–¥—É—Ç"
"Narxoz [housing search]","1606160623","–ò—â–µ–º –¥–≤—É—Ö –ø–∞—Ä–Ω–µ–π –Ω–∞ –ø–æ–¥—Å–µ–ª–µ–Ω–∏–µ.–í –º–µ—Å—è—Ü –≤—ã—Ö–æ–¥–∏—Ç –≥–¥–µ —Ç–æ 55-60–∫, –ö–≤–∞—Ä—Ç–∏—Ä–∞ –Ω–∞—Ö–æ–¥–∏—Ç—Å—è –≤ –º–∫—Ä –ñ–µ—Ç—ã—Å—É-2.–ü–æ–¥—Ä–æ–±–Ω–µ–µ –≤ –ª—Å"
"Narxoz [housing search]","1872005381","–ò—â–µ–º –¥–≤—É—Ö –ø–∞—Ä–Ω–µ–π –¥–ª—è —Å–æ–≤–º–µ—Å—Ç–Ω–æ–≥–æ –ø—Ä–æ–∂–∏–≤–∞–Ω–∏—è –≤ 2-–∫–æ–º–Ω–∞—Ç–Ω–æ–π –∫–≤–∞—Ä—Ç–∏—Ä–µ!   –ö–≤–∞—Ä—Ç–∏—Ä–∞ —Ä–∞—Å–ø–æ–ª–æ–∂–µ–Ω–∞ —Ä—è–¥–æ–º —Å –ù–∞—Ä—Ö–æ–∑–æ–º, —Å—Ç–æ–∏–º–æ—Å—Ç—å –ø—Ä–æ–∂–∏–≤–∞–Ω–∏—è —Å–æ—Å—Ç–∞–≤–ª—è–µ—Ç 270 000 —Ç–µ–Ω–≥–µ –≤ –º–µ—Å—è—Ü. –í –∫–≤–∞—Ä—Ç–∏—Ä–µ —É–∂–µ –ø—Ä–æ–∂–∏–≤–∞–µ—Ç –¥–≤–æ–µ —á–µ–ª–æ–≤–µ–∫, –≤—Å–µ–≥–æ –±—É–¥–µ—Ç —á–µ—Ç–≤–µ—Ä–æ. –î–µ–ø–æ–∑–∏—Ç 100–∫ —Å –≤–æ–∑—Ä–∞—Ç–æ–º   –¢—Ä–µ–±–æ–≤–∞–Ω–∏—è: - –ß–∏—Å—Ç–æ–ø–ª–æ—Ç–Ω–æ—Å—Ç—å - –û—Ç—Å—É—Ç—Å—Ç–≤–∏–µ –≤—Ä–µ–¥–Ω—ã—Ö –ø—Ä–∏–≤—ã—á–µ–∫   https://krisha.kz/a/show/688155429"
"Narxoz [housing search]","752169803","–ò—â–µ–º –Ω–∞ –ø–æ–¥—Å–µ–ª–µ–Ω–∏–µ 1 —á–µ–ª–æ–≤–µ–∫–∞ —Å –∏—é–ª—è  –ù–∞–ø—Ä–æ—Ç–∏–≤ –Ω–∞—Ä—Ö–æ–∑–∞  –ë—É–¥–µ–º –∂–∏—Ç—å –≤—Ç—Ä–æ—ë–º  2—Ö –∫–æ–º–Ω–∞—Ç–Ω–∞—è –∫–≤–∞—Ä—Ç–∏—Ä–∞  –°–∞–Ω—É–∑–µ–ª –æ—Ç–¥–µ–ª—å–Ω–æ  –ü–æ—Å—É–¥–æ–º–æ–π–∫–∞+ –†–∞–±–æ—á–∏–π —Å—Ç–æ–ª –Ω–∞ –∫–∞–∂–¥–æ–≥–æ  –í—Å–µ —É—Å–ª–æ–≤–∏—è –¥–ª—è –∫–æ–º—Ñ–æ—Ä—Ç–Ω–æ–π –∂–∏–∑–Ω–∏.   260.000—Ç–≥(–ø–æ 86.666) + –∫–æ–º–º—É–Ω–∞–ª–∫–∞, –∏–Ω—Ç–µ—Ä–Ω–µ—Ç   –ü—å—é—â–∏–µ, –∫—É—Ä—è—â–∏–µ, –±—É—è–Ω–µ—Å—Ç—ã–µ –º–∏–º–æ"
"Narxoz [housing search]","833668628","–ü–æ–¥—Å–µ–ª–µ–Ω–∏–µ–≥–µ –±–∞—Ä–∞–º  “∞–ª, —ñ—à–ø–∏–º —à–µ–∫–ø–∏–º, –∂–∞–º–∞–Ω “õ–∞–¥–µ—Ç—Ç–µ—Ä—ñ–º –∂–æ“õ 1-—à—ñ —à—ñ–ª–¥–µ–¥–µ–Ω –±–∞—Å—Ç–∞–ø –∫–µ–ª–µ –∞–ª–∞–º—ã–Ω"
"Narxoz [housing search]","735133591","–∏–¥—É –Ω–∞  –ø–æ–¥—Å–µ–ª–µ–Ω–∏–µ  ( –ø–∞—Ä–µ–Ω—å) , —Å–æ–±—Ä–∞–Ω–Ω—ã–π , —á–∏—Å—Ç—ã–π , —É–±–æ—Ä–∫—É –ª—é–±–ª—é , –ø–µ—Ä—Ñ–µ–∫—Ü–∏–æ–Ω–∏—Å—Ç, –Ω–µ –∫—É—Ä—é –Ω–µ –±—É—Ö–∞—é , —Å 1 –∏—é–ª—è –º–æ–≥—É"
"Narxoz [housing search]","7143618301","–í—Å–µ–º –ø—Ä–∏–≤–µ—Ç. –ò–¥—É –Ω–∞ –ø–æ–¥—Å–µ–ª–µ–Ω–∏–µ —Å 28–∏—é–Ω—è –¥–æ 5–∞–≤–≥—É—Å—Ç–∞. –ü–ª–æ—Ö–∏—Ö –ø—Ä–∏–≤—ã—á–µ–∫ –Ω–µ –∏–º–µ—é. –ü–ª–∞—Ç–µ–∂–µ—Å–ø–æ—Å–æ–±–Ω–∞—è, —á–∏—Å—Ç–æ–ø–ª–æ—Ç–Ω–∞—è, —É–º–µ—é –≥–æ—Ç–æ–≤–∏—Ç—å. –û–ø–ª–∞—Ç–∞:50-65–ö –≤ –º–µ—Å—è—Ü(–∞—Ä–µ–Ω–¥–∞ –∏ –∫–≤–∞—Ä—Ç–ø–ª–∞—Ç–∞). 1–∫—É—Ä—Å, –¥–µ–≤—É—à–∫–∞."
"Narxoz [housing search]","466320126","–ò—â—É –æ–¥–Ω—É –¥–µ–≤–æ—á–∫—É –Ω–∞ –ø–æ–¥—Å–µ–ª–µ–Ω–∏–µ, –∑–∞–µ—Ö–∞—Ç—å –º–æ–∂–Ω–æ —Å 22 –∏—é–Ω—è. –ö–≤–∞—Ä—Ç–∏—Ä–∞ 1-–∫–æ–º–Ω–∞—Ç–Ω–∞—è, –Ω–∞—Ö–æ–¥–∏—Ç—Å—è –ø—Ä—è–º –Ω–∞–ø—Ä–æ—Ç–∏–≤ –ù–∞—Ä—Ö–æ–∑–∞. –ë—É–¥–µ–º –∂–∏—Ç—å –≤–¥–≤–æ–µ–º. –ê—Ä–µ–Ω–¥–∞ —Å –∫–∞–∂–¥–æ–π 70.000—Ç–≥ + –∫–≤–∞—Ä—Ç–ø–ª–∞—Ç–∞ –±–µ–∑ –¥–µ–ø–æ–∑–∏—Ç–∞.  –ù–∞—Å—á–µ—Ç —Ñ–æ—Ç–æ–∫ –≤ –ª–∏—á–∫—É."
"Narxoz [housing search]","990402540","–û–±—ä—è–≤–ª–µ–Ω–∏–µ  –ò—â–µ–º 2 –¥–µ–≤—É—à–µ–∫ –Ω–∞ –ø–æ–¥—Å–µ–ª–µ–Ω–∏–µ, –±—É–¥–µ–º –∂–∏—Ç—å 5 –¥–µ–≤—É—à–µ–∫ –≤ 2-—Ö –∫–æ–º–Ω–∞—Ç–Ω–æ–º –∫–≤–∞—Ä—Ç–∏—Ä–µ.   –ê–¥—Ä–µ—Å:–¢–∞—É–≥—É–ª—å, –≤ 3-5 –º–∏–Ω—É—Ç–∞—Ö –ø–µ—à–∫–æ–º –æ—Ç —É–Ω–∏–≤–µ—Ä—Å–∏—Ç–µ—Ç–∞ –ù–∞—Ä—Ö–æ–∑, –ø—Ä—è–º–æ –Ω–∞–ø—Ä–æ—Ç–∏–≤ —É–Ω–∏–≤–µ—Ä—Å–∏—Ç–µ—Ç–∞.  –¢—Ä–µ–±–æ–≤–∞–Ω–∏—è:—á–∏—Å—Ç–æ–ø–ª–æ—Ç–Ω–æ—Å—Ç—å, –ø–ª–∞—Ç–µ–∂–µ—Å–ø–æ—Å–æ–±–Ω–æ—Å—Ç—å, –æ—Ç—Å—É—Ç—Å—Ç–≤–∏–µ –≤—Ä–µ–¥–Ω—ã—Ö –ø—Ä–∏–≤—ã—á–µ–∫  –ê—Ä–µ–Ω–¥–∞:54 000 —Ç–≥ –≤ –º–µ—Å—è—Ü.  –î–µ–ø–æ–∑–∏—Ç:14 000 —Ç–≥ —Å –∫–∞–∂–¥–æ–π.  –ï—Å–ª–∏ –≤–∞—Å –∑–∞–∏–Ω—Ç–µ—Ä–µ—Å–æ–≤–∞–ª–æ —ç—Ç–æ –ø—Ä–µ–¥–ª–æ–∂–µ–Ω–∏–µ, –ø–æ–∂–∞–ª—É–π—Å—Ç–∞, —Å–≤—è–∂–∏—Ç–µ—Å—å —Å –Ω–∞–º–∏ –¥–ª—è –ø–æ–ª—É—á–µ–Ω–∏—è –¥–æ–ø–æ–ª–Ω–∏—Ç–µ–ª—å–Ω–æ–π –∏–Ω—Ñ–æ—Ä–º–∞—Ü–∏–∏.  –ù–æ–º–µ—Ä: 87780427893"
"Narxoz [housing search]","2045802044","–°—Ä–æ—á–Ω–æ –±—ñ—Ä–≥–µ —Ç“±—Ä–∞—Ç—ã–Ω 1“±–ª –∫–µ—Ä–µ–∫. –ê–π—ã–Ω–∞ 40–∫, –∫–æ–º—É–Ω–∞–ª–∫–∞ —Ç”©–ª–µ–º–µ–π–¥—ñ. –ê–¥—Ä–µ—Å –¢–∞—É–≥“Ø–ª-3, –®–∞–π–∫–µ–Ω–æ–≤–∞72. –£–Ω–∏–≤–µ—Ä–≥–µ –∂–∞—Ç–∞“õ—Ö–∞–Ω–∞–¥–∞–Ω –∂–∞“õ—ã–Ω. –•–æ–ª–æ–¥–∏–ª—å–Ω–∏–∫, —Å—Ç–∏—Ä–∞–ª–∫–∞, –¥—É—à, –¥–∏–≤–∞–Ω, —ã–¥—ã—Å-–∞—è“õ, —Ç”©—Å–µ–∫, —à–∫–∞—Ñ, –∫”©—Ä–ø–µ-–∫”©—Ä–ø–µ—à–µ, “õ–∞–∑–∞–Ω-—Å–∫–æ–≤–æ—Ä–æ—Ç–∫–∞ –±”ô—Ä—ñ –±–∞—Ä.  –ï—Ä—Ç–µ“£–Ω–µ–Ω –±–∞—Å—Ç–∞–ø –∫–∏—ñ–º–¥–µ—Ä—ñ–Ω –∞–ª—ã–ø –∫–µ–ª—ñ–ø —Ç“±—Ä–∞ –±–µ—Ä—É–≥–µ –±–æ–ª–∞–¥—ã.  “ö–∞–Ω—à–∞ —É–∞“õ—ã—Ç —Ç“±—Ä—Å–∞ –¥–∞ –∂–æ“ì–∞—Ä—ã–¥–∞“ì—ã –±–∞“ì–∞ ”©–∑–≥–µ—Ä–º–µ–π–¥—ñ. –¢–µ–∫ –∞“õ—à–∞—Å—ã–Ω –∞–ª–¥—ã–Ω-–∞–ª–∞ –∫–µ—à—ñ–∫—Ç—ñ—Ä–º–µ–π —Ç”©–ª–µ–ø —Ç“±—Ä—Å–∞ –±–æ–ª–¥—ã."
"Narxoz [housing search]","1228052924","–ò–©–ï–ú –ù–ê –ü–û–î–°–ï–õ–ï–ù–ò–ï –û–î–ù–û–ì–û –ü–ê–†–ù–Ø!  –ö–í–ê–†–¢–ò–†–ê –ù–ê–ü–†–û–¢–ò–í –ù–ê–†–•–û–ó–ê –ß–ï–†–ï–ó –î–û–†–û–ì–£  –ë—É–¥–µ–º –∂–∏—Ç—å 4 —á–µ–ª–æ–≤–µ–∫–∞"
"Narxoz [housing search]","708768133","–ò–¥—É –Ω–∞ –ø–æ–¥—Å–µ–ª–µ–Ω–∏–µ, –ø–ª–æ—Ö–∏—Ö –ø—Ä–∏–≤—ã—á–µ–∫ –Ω–µ—Ç. 1 –∫—É—Ä—Å, –∂–µ–ª–∞—Ç–µ–ª—å–Ω–æ –Ω–µ –¥–∞–ª–µ–∫–æ –æ—Ç –ì–£–ö"
"Narxoz [housing search]","990402540","–û–±—ä—è–≤–ª–µ–Ω–∏–µ  –ò—â–µ–º 3–¥–µ–≤—É—à–µ–∫ –Ω–∞ –ø–æ–¥—Å–µ–ª–µ–Ω–∏–µ, –±—É–¥–µ–º –∂–∏—Ç—å 5 –¥–µ–≤—É—à–µ–∫ –≤ 2-—Ö –∫–æ–º–Ω–∞—Ç–Ω–æ–º –∫–≤–∞—Ä—Ç–∏—Ä–µ.   –ê–¥—Ä–µ—Å:–¢–∞—É–≥—É–ª—å, –≤ 3-5 –º–∏–Ω—É—Ç–∞—Ö –ø–µ—à–∫–æ–º –æ—Ç —É–Ω–∏–≤–µ—Ä—Å–∏—Ç–µ—Ç–∞ –ù–∞—Ä—Ö–æ–∑, –ø—Ä—è–º–æ –Ω–∞–ø—Ä–æ—Ç–∏–≤ —É–Ω–∏–≤–µ—Ä—Å–∏—Ç–µ—Ç–∞.  –¢—Ä–µ–±–æ–≤–∞–Ω–∏—è:—á–∏—Å—Ç–æ–ø–ª–æ—Ç–Ω–æ—Å—Ç—å, –ø–ª–∞—Ç–µ–∂–µ—Å–ø–æ—Å–æ–±–Ω–æ—Å—Ç—å, –æ—Ç—Å—É—Ç—Å—Ç–≤–∏–µ –≤—Ä–µ–¥–Ω—ã—Ö –ø—Ä–∏–≤—ã—á–µ–∫  –ê—Ä–µ–Ω–¥–∞:54 000 —Ç–≥ –≤ –º–µ—Å—è—Ü.  –î–µ–ø–æ–∑–∏—Ç:14 000 —Ç–≥ —Å –∫–∞–∂–¥–æ–π.  –ï—Å–ª–∏ –≤–∞—Å –∑–∞–∏–Ω—Ç–µ—Ä–µ—Å–æ–≤–∞–ª–æ —ç—Ç–æ –ø—Ä–µ–¥–ª–æ–∂–µ–Ω–∏–µ, –ø–æ–∂–∞–ª—É–π—Å—Ç–∞, —Å–≤—è–∂–∏—Ç–µ—Å—å —Å –Ω–∞–º–∏ –¥–ª—è –ø–æ–ª—É—á–µ–Ω–∏—è –¥–æ–ø–æ–ª–Ω–∏—Ç–µ–ª—å–Ω–æ–π –∏–Ω—Ñ–æ—Ä–º–∞—Ü–∏–∏.  –ù–æ–º–µ—Ä: 87780427893"
"Narxoz [housing search]","1011451977","–ò—â—É –æ–¥–Ω—É –¥–µ–≤—É—à–∫—É –Ω–∞ –ø–æ–¥—Å–µ–ª–µ–Ω–∏–µ –≤ 3—Ö –∫–æ–º–Ω–∞—Ç–Ω—É—é –∫–≤–∞—Ä—Ç–∏—Ä—É. –°–ø–∞–ª—å–Ω—è  –ù–∞ 3 –º–µ—Å—è—Ü–∞!  –û –∫–≤–∞—Ä—Ç–∏—Ä–µ:  ‚Ä¢ –ë—É–¥–µ—Ç–µ –∂–∏—Ç—å –≤ —Å–ø–∞–ª—å–Ω–µ , –µ—Å—Ç—å –≤—Å–µ –Ω–µ–æ–±—Ö–æ–¥–∏–º—ã–µ –ø—Ä–∏–Ω–∞–¥–ª–µ–∂–Ω–æ—Å—Ç–∏ (—Ö–æ–ª–æ–¥–∏–ª—å–Ω–∏–∫, —Å—Ç–∏—Ä–∞–ª—å–Ω–∞—è –º–∞—à–∏–Ω–∞, –º–∏–∫—Ä–æ–≤–æ–ª–Ω–æ–≤–∞—è –ø–µ—á—å, –ø–æ—Å—É–¥—ã –∏ —Ç.–¥.)  ‚Ä¢ ‚Å†–í –∫–∞–∂–¥–æ–π –∫–æ–º–Ω–∞—Ç–µ –ø–æ 2 –¥–µ–≤—É—à–µ–∫. –í—Å–µ —Ä–∞–±–æ—Ç–∞—é—Ç, —É–≤–∞–∂–∞—é—Ç –ª–∏—á–Ω—ã–µ –≥—Ä–∞–Ω–∏—Ü—ã! ‚Ä¢ –í –∫–æ–º–Ω–∞—Ç–µ –µ—Å—Ç—å –∫—Ä–æ–≤–∞—Ç—å, –±–æ–ª—å—à–∞—è —Ç—É–º–±–∞, –±–æ–ª—å—à–æ–π —à–∫–∞—Ñ ‚Ä¢ –†–æ–∑—ã–±–∞–∫–∏–µ–≤–∞ –¢–∏–º–∏—Ä—è–∑–µ–≤–∞ (–≤—Å–µ –≤ —à–∞–≥–æ–≤–æ–π –¥–æ—Å—Ç—É–ø–Ω–æ—Å—Ç–∏)  –ò—â—É:  ‚Ä¢ –°–æ—Å–µ–¥–∞ —Å –ø–æ—Å—Ç–æ—è–Ω–Ω—ã–º –¥–æ—Ö–æ–¥–æ–º (–Ω–µ–æ–±—Ö–æ–¥–∏–º–æ —Å–≤–æ–µ–≤—Ä–µ–º–µ–Ω–Ω–æ –æ–ø–ª–∞—á–∏–≤–∞—Ç—å –∞—Ä–µ–Ω–¥—É –∏ –∫–æ–º. –ø–ª–∞—Ç–µ–∂–∏) ‚Ä¢ –ë–µ–∑ –ø–∞–≥—É–±–Ω—ã—Ö –ø—Ä–∏–≤—ã—á–µ–∫  –û–ø–ª–∞—Ç–∞:  ‚Ä¢ –ï–∂–µ–º–µ—Å—è—á–Ω–∞—è –æ–ø–ª–∞—Ç–∞ 50–∫ —Å –∫–∞–∂–¥–æ–≥–æ —á + –∫–æ–º.—É—Å–ª—É–≥–∏, –¥–µ–ø–æ–∑–∏—Ç 33–∫  ‚Ä¢ ‚Å†–û–ø–ª–∞—Ç–∞ –ø—Ä–æ–∏–∑–≤–æ–¥–∏—Ç—Å—è 3 —á–∏—Å–ª–∞ –∫–∞–∂–¥–æ–≥–æ –º–µ—Å—è—Ü–∞     –ó–∞–µ–∑–∂–∞—Ç—å –º–æ–∂–Ω–æ —É–∂–µ —Å 15–æ–≥–æ —á–∏—Å–ª–∞( –ø–µ—Ä–≤—ã–π –º–µ—Å—è—Ü –æ–ø–ª–∞—á–∏–≤–∞–µ—Ç–µ –ø–æ–ª–æ–≤–∏–Ω—É, —Ç–∞–∫ –∫–∞–∫ –∑–∞—Å–µ–ª—è–µ—Ç–µ—Å—å –≤ –ø–æ–ª.–º–µ—Å—è—Ü–µ)  –î–ª—è —Å–≤—è–∑–∏ –ø–∏—à–∏—Ç–µ 87013681083 –î–∞—Ä–∏—è"
"Narxoz [housing search]","1879498690","–û–±—ä—è–≤–ª–µ–Ω–∏–µ  –ò—â–µ–º 3–¥–µ–≤—É—à–µ–∫ –Ω–∞ –ø–æ–¥—Å–µ–ª–µ–Ω–∏–µ, –±—É–¥–µ–º –∂–∏—Ç—å 5 –¥–µ–≤—É—à–µ–∫ –≤ 2-—Ö –∫–æ–º–Ω–∞—Ç–Ω–æ–º –∫–≤–∞—Ä—Ç–∏—Ä–µ.   –ê–¥—Ä–µ—Å:–¢–∞—É–≥—É–ª—å, –≤ 3-5 –º–∏–Ω—É—Ç–∞—Ö –ø–µ—à–∫–æ–º –æ—Ç —É–Ω–∏–≤–µ—Ä—Å–∏—Ç–µ—Ç–∞ –ù–∞—Ä—Ö–æ–∑, –ø—Ä—è–º–æ –Ω–∞–ø—Ä–æ—Ç–∏–≤ —É–Ω–∏–≤–µ—Ä—Å–∏—Ç–µ—Ç–∞.  –¢—Ä–µ–±–æ–≤–∞–Ω–∏—è:—á–∏—Å—Ç–æ–ø–ª–æ—Ç–Ω–æ—Å—Ç—å, –ø–ª–∞—Ç–µ–∂–µ—Å–ø–æ—Å–æ–±–Ω–æ—Å—Ç—å, –æ—Ç—Å—É—Ç—Å—Ç–≤–∏–µ –≤—Ä–µ–¥–Ω—ã—Ö –ø—Ä–∏–≤—ã—á–µ–∫  –ê—Ä–µ–Ω–¥–∞:54 000 —Ç–≥ –≤ –º–µ—Å—è—Ü.  –î–µ–ø–æ–∑–∏—Ç:14 000 —Ç–≥ —Å –∫–∞–∂–¥–æ–π.  –ï—Å–ª–∏ –≤–∞—Å –∑–∞–∏–Ω—Ç–µ—Ä–µ—Å–æ–≤–∞–ª–æ —ç—Ç–æ –ø—Ä–µ–¥–ª–æ–∂–µ–Ω–∏–µ, –ø–æ–∂–∞–ª—É–π—Å—Ç–∞, —Å–≤—è–∂–∏—Ç–µ—Å—å —Å –Ω–∞–º–∏ –¥–ª—è –ø–æ–ª—É—á–µ–Ω–∏—è –¥–æ–ø–æ–ª–Ω–∏—Ç–µ–ª—å–Ω–æ–π –∏–Ω—Ñ–æ—Ä–º–∞—Ü–∏–∏.  –ù–æ–º–µ—Ä: 8 (700) 734-30-04 87780427893"
"Narxoz [housing search]","990402540","–û–±—ä—è–≤–ª–µ–Ω–∏–µ  –ò—â–µ–º 2–¥–µ–≤—É—à–µ–∫ –Ω–∞ –ø–æ–¥—Å–µ–ª–µ–Ω–∏–µ –≤ 2-—Ö –∫–æ–º–Ω–∞—Ç–Ω—É—é –∫–≤–∞—Ä—Ç–∏—Ä—É.   –ê–¥—Ä–µ—Å:–¢–∞—É–≥—É–ª—å, –≤ 3-5 –º–∏–Ω—É—Ç–∞—Ö –ø–µ—à–∫–æ–º –æ—Ç —É–Ω–∏–≤–µ—Ä—Å–∏—Ç–µ—Ç–∞ –ù–∞—Ä—Ö–æ–∑, –ø—Ä—è–º–æ –Ω–∞–ø—Ä–æ—Ç–∏–≤ —É–Ω–∏–≤–µ—Ä—Å–∏—Ç–µ—Ç–∞.  –¢—Ä–µ–±–æ–≤–∞–Ω–∏—è:—á–∏—Å—Ç–æ–ø–ª–æ—Ç–Ω–æ—Å—Ç—å, –ø–ª–∞—Ç–µ–∂–µ—Å–ø–æ—Å–æ–±–Ω–æ—Å—Ç—å, –æ—Ç—Å—É—Ç—Å—Ç–≤–∏–µ –≤—Ä–µ–¥–Ω—ã—Ö –ø—Ä–∏–≤—ã—á–µ–∫.  –∫–≤–∞—Ä—Ç. –ø–ª–∞—Ç–∞:54 000 —Ç–≥ –≤ –º–µ—Å—è—Ü.  –î–µ–ø–æ–∑–∏—Ç:14 000 —Ç–≥ —Å –∫–∞–∂–¥–æ–π.  –ï—Å–ª–∏ –≤–∞—Å –∑–∞–∏–Ω—Ç–µ—Ä–µ—Å–æ–≤–∞–ª–æ —ç—Ç–æ –ø—Ä–µ–¥–ª–æ–∂–µ–Ω–∏–µ, –ø–æ–∂–∞–ª—É–π—Å—Ç–∞, —Å–≤—è–∂–∏—Ç–µ—Å—å —Å –Ω–∞–º–∏ –¥–ª—è –ø–æ–ª—É—á–µ–Ω–∏—è –¥–æ–ø–æ–ª–Ω–∏—Ç–µ–ª—å–Ω–æ–π –∏–Ω—Ñ–æ—Ä–º–∞—Ü–∏–∏."
"Narxoz [housing search]","990402540","–û–±—ä—è–≤–ª–µ–Ω–∏–µ  –ò—â–µ–º 3 –¥–µ–≤—É—à–µ–∫ –Ω–∞ –ø–æ–¥—Å–µ–ª–µ–Ω–∏–µ –≤ 2-—Ö –∫–æ–º–Ω–∞—Ç–Ω—É—é –∫–≤–∞—Ä—Ç–∏—Ä—É.   –ê–¥—Ä–µ—Å:–¢–∞—É–≥—É–ª—å, –≤ 3-5 –º–∏–Ω—É—Ç–∞—Ö –ø–µ—à–∫–æ–º –æ—Ç —É–Ω–∏–≤–µ—Ä—Å–∏—Ç–µ—Ç–∞ –ù–∞—Ä—Ö–æ–∑, –ø—Ä—è–º–æ –Ω–∞–ø—Ä–æ—Ç–∏–≤ —É–Ω–∏–≤–µ—Ä—Å–∏—Ç–µ—Ç–∞.  –¢—Ä–µ–±–æ–≤–∞–Ω–∏—è:—á–∏—Å—Ç–æ–ø–ª–æ—Ç–Ω–æ—Å—Ç—å, –ø–ª–∞—Ç–µ–∂–µ—Å–ø–æ—Å–æ–±–Ω–æ—Å—Ç—å, –æ—Ç—Å—É—Ç—Å—Ç–≤–∏–µ –≤—Ä–µ–¥–Ω—ã—Ö –ø—Ä–∏–≤—ã—á–µ–∫.  –ê—Ä–µ–Ω–¥–∞:54 000 —Ç–≥ –≤ –º–µ—Å—è—Ü.  –î–µ–ø–æ–∑–∏—Ç:14 000 —Ç–≥ —Å –∫–∞–∂–¥–æ–π. –î–µ–ø–æ–∑–∏—Ç –≤–æ–∑–≤—Ä–∞—â–∞–µ—Ç—Å—è –ø—Ä–∏ –ø–µ—Ä–µ–µ–∑–¥–µ –µ—Å–ª–∏ –¥–æ–º–∞ –Ω–∏—á–µ–≥–æ –Ω–µ –∏—Å–ø–æ—Ä—á–µ–Ω–æ   –ï—Å–ª–∏ –≤–∞—Å –∑–∞–∏–Ω—Ç–µ—Ä–µ—Å–æ–≤–∞–ª–æ —ç—Ç–æ –ø—Ä–µ–¥–ª–æ–∂–µ–Ω–∏–µ, –ø–æ–∂–∞–ª—É–π—Å—Ç–∞, —Å–≤—è–∂–∏—Ç–µ—Å—å —Å –Ω–∞–º–∏ –¥–ª—è –ø–æ–ª—É—á–µ–Ω–∏—è –¥–æ–ø–æ–ª–Ω–∏—Ç–µ–ª—å–Ω–æ–π –∏–Ω—Ñ–æ—Ä–º–∞—Ü–∏–∏."
"Narxoz [housing search]","1261153937","–ò—â—É —Å–æ–∂–∏—Ç–µ–ª—è, –æ–ø–ª–∞—Ç–∞ 125 –∫, –±—É–¥–µ–º –∂–∏—Ç—å –≤–¥–≤–æ–µ–º  –ö–≤–∞—Ä—Ç–∏—Ä–∞ –Ω–∞—Ö–æ–¥–∏—Ç—Å—è –≤ –ñ–ö –¢–ï–†–ê–ö–û–¢–¢–ê"
"Narxoz [housing search]","466320126","–ò—â—É –∫–≤–∞—Ä—Ç–∏—Ä—É –Ω–∞ –ø–æ–¥—Å–µ–ª–µ–Ω–∏–µ –Ω–∞ –ª–µ—Ç–Ω–∏–π —Å–µ–º–µ—Å—Ç—Ä. –ñ–µ–ª–∞—Ç–µ–ª—å–Ω–æ —Ä—è–¥–æ–º —Å –Ω–∞—Ä—Ö–æ–∑–æ–º. –ë—é–¥–∂–µ—Ç 60-70–∫.  –ï—Å–ª–∏ —Ç–æ–∂–µ –æ—Å—Ç–∞–ª–∏—Å—å –Ω–∞ –ª–µ—Ç–Ω–∏–∫, –º–æ–∂–µ—Ç–µ –Ω–∞–ø–∏—Å–∞—Ç—å –º–Ω–µ, –±—É–¥–µ–º –≤–º–µ—Å—Ç–µ –∏—Å–∫–∞—Ç—å"
"Narxoz [housing search]","1353262201","16—Å—ã–Ω–∞–Ω 22—Å—ñ–Ω–µ –¥–µ–π—ñ–Ω –ø–æ–¥—Å–µ–ª–µ–Ω–∏–µ –∫–≤ –∫–µ—Ä–µ–∫. –ù–∞ 7 –¥–Ω–µ–π 15–ö. –û —Å–µ–±–µ. –î–µ–≤—É—à–∫–∞ 17 –ª–µ—Ç."
